posicion,usuario_id,usuario,nombre,pais,nicho,verificado,seguidores,publicaciones,impresiones,tasa_engagement,score_influencia,clase_influencia,prob_influencia_alta
1,USR0011,gustkuphal0011,Gust Kuphal,Argentina,Educación,TRUE,18,5,5594,0.7865570253843404,64.54237288135593,Alto,0.99
2,USR0006,osbornewuckert0006,Osborne Wuckert-Smith,Bolivia,Viajes,TRUE,35,9,12196,1.0577238438832404,78.23420647149462,Alto,0.988
3,USR0288,blazeparker0288,Blaze Parker,Bolivia,Educación,TRUE,22,19,14925,1.2395309882747068,72.12326656394453,Alto,0.988
4,USR0204,paigeleannon0204,Paige Leannon,Perú,Tecnología,TRUE,19,11,11301,0.8583311211397221,61.195685670261945,Alto,0.988
5,USR0533,edenmann0533,Eden Mann,Colombia,Educación,TRUE,15,13,5956,1.1417058428475486,53.901386748844374,Medio,0.988
6,USR0216,chasherzogv0216,Chas Herzog V,Bolivia,Gastronomía,TRUE,36,7,11339,1.0494752623688155,78.04006163328198,Alto,0.986
7,USR0071,embersteuber0071,Ember Steuber,Bolivia,Educación,TRUE,25,17,13938,1.334481274214378,77.62711864406779,Alto,0.986
8,USR0127,drterancelesch0127,Dr. Terance Lesch,Colombia,Gastronomía,TRUE,24,11,14686,0.9328612283807708,73.7935285053929,Alto,0.986
9,USR0065,diannaschmidtm0065,Dianna Schmidt MD,Bolivia,Gastronomía,TRUE,20,9,6565,1.2795125666412794,68.30508474576271,Alto,0.986
10,USR0362,carienitzscheb0362,Carie Nitzsche-Batz,Bolivia,Tecnología,FALSE,16,10,3655,2.188782489740082,65.41756548536209,Alto,0.986
11,USR0325,williewillmsha0325,Willie Willms-Hahn,Bolivia,Tecnología,FALSE,26,6,6871,0.9460049483335758,62.4869029275809,Alto,0.986
12,USR0122,orlinnienowdib0122,Orlin Nienow-Dibbert,Chile,Gastronomía,TRUE,16,11,8791,1.0579001251279718,60.918335901386754,Alto,0.986
13,USR0589,mrsamericastok0589,Mrs. America Stokes DVM,Perú,Deportes,TRUE,20,7,5138,0.9536784741144414,60.28659476117103,Alto,0.986
14,USR0559,olenahintz0559,Olena Hintz,Colombia,Moda,FALSE,26,16,6667,2.0098995050247486,79.7473035439137,Alto,0.984
15,USR0641,josefinapaucek0641,Josefina Paucek,Bolivia,Deportes,TRUE,28,8,5379,1.0596765197992193,66.97996918335902,Alto,0.984
16,USR0430,wilhelminealte0430,Wilhelmine Altenwerth,Bolivia,Educación,TRUE,17,6,4524,1.1052166224580018,63.50077041602466,Alto,0.984
17,USR0492,oziecummerata0492,Ozie Cummerata,Argentina,Deportes,TRUE,31,10,8972,1.415514935354436,81.00770416024653,Alto,0.982
18,USR0296,hamptonzemlak0296,Hampton Zemlak,Bolivia,Gastronomía,FALSE,24,10,5576,1.8113342898134863,75.59013867488443,Alto,0.982
19,USR0555,kandacedickins0555,Kandace Dickinson PhD,Bolivia,Gastronomía,FALSE,21,7,4819,1.3488275575845612,63.93528505392913,Alto,0.982
20,USR0080,clarkeondricka0080,Clarke Ondricka-Padberg,Bolivia,Moda,TRUE,16,11,8029,1.1707560094656868,63.32819722650231,Alto,0.982
21,USR0179,alanzostreich0179,Alanzo Streich,Bolivia,Moda,FALSE,16,9,2824,1.9475920679886685,57.590138674884436,Alto,0.982
22,USR0132,carolehills0132,Carole Hills,Bolivia,Viajes,TRUE,16,6,4465,1.097424412094065,56.292758089368256,Alto,0.982
23,USR0619,arjunschaden0619,Arjun Schaden,Bolivia,Tecnología,FALSE,15,11,3860,1.4766839378238341,55.568567026194145,Alto,0.982
24,USR0160,dewardconnv0160,Deward Conn V,Perú,Moda,TRUE,31,8,11365,1.029476462824461,76.61016949152543,Alto,0.98
25,USR0638,arianatremblay0638,Ariana Tremblay,Chile,Viajes,TRUE,24,10,10546,1.1283899108666793,76.03081664098613,Alto,0.98
26,USR0459,misslyndiawiso0459,Miss Lyndia Wisozk MD,Colombia,Viajes,TRUE,19,6,3309,1.8736778482925356,75.64252696456086,Alto,0.98
27,USR0181,angellaboyer0181,Angella Boyer,Perú,Moda,TRUE,30,7,11320,0.901060070671378,74.8135593220339,Alto,0.98
28,USR0644,tyeshacremin0644,Tyesha Cremin,Chile,Deportes,FALSE,22,8,4157,2.0447438056290594,74.66563944530047,Alto,0.98
29,USR0275,brodericklockm0275,Broderick Lockman,Perú,Gastronomía,FALSE,31,7,3948,1.8490374873353597,74.49922958397535,Alto,0.98
30,USR0013,mradamwalterii0013,Mr. Adam Walter III,Argentina,Deportes,TRUE,20,13,14625,1.1076923076923078,73.51309707241911,Alto,0.98
31,USR0458,martezhirthe0458,Martez Hirthe,Chile,Educación,FALSE,22,13,4686,1.9846350832266326,72.87519260400616,Alto,0.98
32,USR0233,ahbayer0233,Ah Bayer,Argentina,Deportes,TRUE,25,8,8518,1.1152852782343272,72.5793528505393,Alto,0.98
33,USR0497,myrtlelehner0497,Myrtle Lehner,Chile,Tecnología,TRUE,17,14,14193,1.14140773620799,71.02619414483821,Alto,0.98
34,USR0343,nickolasokon0343,Nickolas O'Kon,Bolivia,Viajes,TRUE,21,9,6707,1.2375130460712689,69.88597842835131,Alto,0.98
35,USR0568,mrarlinleffler0568,Mr. Arlin Leffler I,Argentina,Educación,TRUE,23,6,7237,1.0501589056238774,69.00154083204932,Alto,0.98
36,USR0623,ritaweimann0623,Rita Weimann,Colombia,Viajes,FALSE,21,7,3751,1.8661690215942415,68.40061633281974,Alto,0.98
37,USR0116,ayeshawolf0116,Ayesha Wolf,Bolivia,Moda,TRUE,16,17,12025,1.2390852390852392,65.10631741140216,Alto,0.98
38,USR0093,christenkonope0093,Christen Konopelski,Chile,Viajes,TRUE,18,15,2671,2.0591538749532012,61.66101694915255,Alto,0.98
39,USR0009,mrsdanicagleic0009,Mrs. Danica Gleichner,Bolivia,Educación,FALSE,15,8,2228,2.244165170556553,58.12942989214175,Alto,0.98
40,USR0060,mrslenoreluett0060,Mrs. Lenore Luettgen MD,Perú,Gastronomía,TRUE,36,11,24772,0.8436944937833037,78.08936825885978,Alto,0.978
41,USR0530,drtobyhilll0530,Dr. Toby Hilll,Perú,Tecnología,TRUE,22,5,2582,2.0139426800929514,77.56548536209554,Alto,0.978
42,USR0445,deeganbailey0445,Deegan Bailey,Perú,Tecnología,TRUE,34,8,17501,0.8170961659333752,76.87211093990754,Alto,0.978
43,USR0610,lettyzemlakwei0610,Letty Zemlak-Weimann,Bolivia,Educación,TRUE,26,7,7779,1.2726571538758196,76.03081664098613,Alto,0.978
44,USR0569,hannacruicksha0569,Hanna Cruickshank,Bolivia,Moda,TRUE,21,10,5970,1.423785594639866,72.84745762711864,Alto,0.978
45,USR0512,genniehaagzeml0512,Gennie Haag-Zemlak,Bolivia,Tecnología,TRUE,23,6,5019,1.275154413229727,72.63174114021572,Alto,0.978
46,USR0295,drleticiaconsi0295,Dr. Leticia Considine MD,Colombia,Viajes,FALSE,26,12,6652,1.5634395670475045,71.24191063174115,Alto,0.978
47,USR0576,missjanellefee0576,Miss Janelle Feest,Colombia,Deportes,FALSE,18,15,7263,1.7210519069255128,70.99537750385207,Alto,0.978
48,USR0251,tinycummerata0251,Tiny Cummerata,Colombia,Gastronomía,TRUE,16,9,9813,1.1617242433506574,69.13713405238829,Alto,0.978
49,USR0254,melissabuckrid0254,Melissa Buckridge,Bolivia,Viajes,FALSE,21,8,4327,1.2710885139819736,60.12326656394453,Alto,0.978
50,USR0564,dericgrimesii0564,Deric Grimes II,Chile,Educación,TRUE,17,12,5982,1.1868940153794718,56.9060092449923,Alto,0.978
51,USR0613,alishapaucekmd0613,Alisha Paucek MD,Bolivia,Gastronomía,FALSE,15,8,4056,1.4053254437869822,55.79661016949152,Alto,0.978
52,USR0149,neliajacobi0149,Nelia Jacobi,Bolivia,Tecnología,FALSE,15,10,5548,1.2977649603460706,55.14946070878274,Alto,0.978
53,USR0005,juliannschaden0005,Juliann Schaden,Bolivia,Deportes,TRUE,24,14,13079,1.2768560287483752,77.09707241910631,Alto,0.976
54,USR0560,nolielemke0560,Nolie Lemke,Bolivia,Gastronomía,TRUE,34,7,5542,1.2991699747383616,76.57627118644069,Alto,0.976
55,USR0112,zadieleannon0112,Zadie Leannon,Bolivia,Viajes,TRUE,20,15,21377,0.940262899377836,70.83204930662558,Alto,0.976
56,USR0523,jamienienow0523,Jamie Nienow,Colombia,Viajes,FALSE,21,11,4650,1.8494623655913978,70.77966101694915,Alto,0.976
57,USR0054,misscarleymetz0054,Miss Carley Metz DDS,Bolivia,Deportes,FALSE,19,10,4601,1.8039556618126493,67.35593220338983,Alto,0.976
58,USR0400,johnieheathcot0400,Johnie Heathcote,Bolivia,Moda,FALSE,18,13,8565,1.5061295971978985,66.4899845916795,Alto,0.976
59,USR0452,rainakochjerde0452,Raina Koch-Jerde,Argentina,Gastronomía,FALSE,13,14,5320,1.9360902255639099,65.70724191063175,Alto,0.976
60,USR0026,mrcornellswift0026,Mr. Cornell Swift Sr.,Chile,Deportes,TRUE,19,11,6598,1.2276447408305546,61.96302003081664,Alto,0.976
61,USR0563,gussieschiller0563,Gussie Schiller,Bolivia,Deportes,FALSE,17,8,2840,1.795774647887324,60.04930662557781,Alto,0.976
62,USR0167,dalefadel0167,Dale Fadel,Argentina,Viajes,FALSE,10,12,4633,1.8346643643427585,56.9768875192604,Alto,0.976
63,USR0121,marquitayostph0121,Marquita Yost PhD,Colombia,Moda,FALSE,19,9,2438,1.804757998359311,55.050847457627114,Alto,0.976
64,USR0447,drgemmazulaufd0447,Dr. Gemma Zulauf DVM,Bolivia,Moda,TRUE,36,5,9504,1.1153198653198653,78.66563944530046,Alto,0.974
65,USR0413,drshaniapfanne0413,Dr. Shania Pfannerstill PhD,Perú,Viajes,TRUE,28,18,18142,1.140998787344284,77.48844375963019,Alto,0.974
66,USR0144,meghannhilpert0144,Meghann Hilpert,Colombia,Moda,TRUE,24,11,17397,1.103638558372133,77.4637904468413,Alto,0.974
67,USR0042,teddiehammes0042,Teddie Hammes,Bolivia,Viajes,TRUE,26,9,13316,1.0889155902673475,76.6040061633282,Alto,0.974
68,USR0526,veragislason0526,Vera Gislason,Argentina,Gastronomía,TRUE,30,9,9677,0.9920429885295029,72.9553158705701,Alto,0.974
69,USR0449,audriannatrant0449,Audrianna Trantow-Erdman,Chile,Gastronomía,TRUE,22,7,7620,0.9973753280839895,69.79044684129431,Alto,0.974
70,USR0525,rodneywalkeriv0525,Rodney Walker IV,Perú,Moda,TRUE,18,12,9880,1.2955465587044535,68.70878274268105,Alto,0.974
71,USR0118,arriehaley0118,Arrie Haley,Perú,Deportes,FALSE,18,12,4097,2.0014644862094215,66.73959938366718,Alto,0.974
72,USR0640,nicholwuckert0640,Nichol Wuckert,Bolivia,Gastronomía,TRUE,20,8,8894,0.9894310771306499,66.10477657935284,Alto,0.974
73,USR0104,adelardwyman0104,Adelard Wyman,Bolivia,Viajes,TRUE,20,8,4539,1.4100022031284425,65.51001540832048,Alto,0.974
74,USR0304,milburngreendv0304,Milburn Green DVM,Perú,Viajes,TRUE,16,12,8604,1.208740120874012,64.9306625577812,Alto,0.974
75,USR0010,cassidyrath0010,Cassidy Rath,Colombia,Viajes,FALSE,20,15,3910,1.7902813299232736,63.14946070878275,Alto,0.974
76,USR0427,cleavewestv0427,Cleave West V,Bolivia,Gastronomía,FALSE,12,14,4962,2.0959290608625554,62.129429892141765,Alto,0.974
77,USR0522,elwynhaley0522,Elwyn Haley,Chile,Moda,FALSE,17,6,1986,2.1651560926485396,60.85978428351311,Alto,0.974
78,USR0035,ezellschimmel0035,Ezell Schimmel,Chile,Educación,FALSE,12,18,5851,1.9996581780892155,60.67796610169491,Alto,0.974
79,USR0114,aubreelemke0114,Aubree Lemke,Chile,Moda,FALSE,15,9,4613,1.5391285497507046,59.143297380585516,Alto,0.974
80,USR0164,dorthalittleph0164,Dortha Little PhD,Bolivia,Educación,TRUE,38,13,22422,0.8518419409508519,77.96610169491525,Alto,0.972
81,USR0575,stacyhudson0575,Stacy Hudson,Bolivia,Deportes,TRUE,26,8,8219,1.3383623311838424,77.59630200308166,Alto,0.972
82,USR0508,stevieemarddds0508,Stevie Emard DDS,Argentina,Tecnología,TRUE,25,15,20024,1.12365161805833,76.47765793528507,Alto,0.972
83,USR0519,mrdeanefeestii0519,Mr. Deane Feest III,Bolivia,Gastronomía,TRUE,24,9,8365,1.3269575612671847,75.90755007704159,Alto,0.972
84,USR0128,ethelbertbashi0128,Ethelbert Bashirian,Bolivia,Tecnología,TRUE,20,11,16920,1.1702127659574468,75.70107858243452,Alto,0.972
85,USR0185,truestokesiv0185,True Stokes IV,Argentina,Moda,TRUE,27,7,11084,0.9653554673403103,75.68875192604006,Alto,0.972
86,USR0556,sheribode0556,Sheri Bode,Colombia,Deportes,TRUE,29,11,14529,0.9635900612567968,75.28505392912172,Alto,0.972
87,USR0366,mrjaymecole0366,Mr. Jayme Cole,Bolivia,Educación,TRUE,22,11,9756,1.168511685116851,74.91525423728814,Alto,0.972
88,USR0603,irwinwyman0603,Irwin Wyman,Bolivia,Viajes,TRUE,23,7,5334,1.274840644919385,72.68721109399075,Alto,0.972
89,USR0593,quentinshields0593,Quentin Shields III,Bolivia,Moda,TRUE,19,10,10076,0.982532751091703,68.8351309707242,Alto,0.972
90,USR0036,diandrarath0036,Diandra Rath,Chile,Educación,TRUE,22,13,7708,1.167618059159315,68.46224961479199,Alto,0.972
91,USR0306,billiebechtela0306,Billie Bechtelar V,Chile,Viajes,TRUE,21,12,7622,1.2988716872212018,68.30816640986134,Alto,0.972
92,USR0196,shaynamante0196,Shayna Mante,Bolivia,Gastronomía,TRUE,21,12,9446,1.0904086385771756,66.71802773497689,Alto,0.972
93,USR0209,makaylahermist0209,Makayla Hermiston,Bolivia,Gastronomía,FALSE,18,14,3012,2.755644090305445,66.3944530046225,Alto,0.972
94,USR0314,ajabeatty0314,Aja Beatty,Bolivia,Tecnología,TRUE,16,12,14703,1.0338026253145616,65.60554699537751,Alto,0.972
95,USR0342,misssigridgayl0342,Miss Sigrid Gaylord,Argentina,Viajes,TRUE,19,16,10467,1.0127066017005828,62.258859784283516,Alto,0.972
96,USR0488,perrijerde0488,Perri Jerde,Bolivia,Deportes,FALSE,14,12,4002,1.949025487256372,59.855161787365184,Alto,0.972
97,USR0429,danigerhold0429,Dani Gerhold,Perú,Deportes,FALSE,17,8,4698,1.2132822477650065,56.73651771956857,Alto,0.972
98,USR0269,missaudriannar0269,Miss Audrianna Runolfsson,Bolivia,Educación,TRUE,22,6,13182,0.9255044758003338,74.0677966101695,Alto,0.97
99,USR0607,desmondblanda0607,Desmond Blanda,Bolivia,Moda,TRUE,25,10,10614,1.1682683248539665,73.92604006163327,Alto,0.97
100,USR0639,rhettlindgrenn0639,Rhett Lindgren-Nicolas,Argentina,Gastronomía,TRUE,30,5,4727,1.1212185318383754,72.788906009245,Alto,0.97
101,USR0495,rashaanrunolfs0495,Rashaan Runolfsdottir,Colombia,Educación,TRUE,27,9,7930,1.1727616645649432,72.39137134052388,Alto,0.97
102,USR0354,nolieswaniawsk0354,Nolie Swaniawski DDS,Bolivia,Moda,TRUE,24,18,5092,1.9245875883739199,72.3050847457627,Alto,0.97
103,USR0106,madlynkiehn0106,Madlyn Kiehn,Perú,Moda,TRUE,18,12,7007,1.31297274154417,68.24345146379045,Alto,0.97
104,USR0308,missamericafun0308,Miss America Funk PhD,Colombia,Educación,TRUE,21,8,6184,1.1804657179818887,67.28197226502311,Alto,0.97
105,USR0124,tyreemaggio0124,Tyree Maggio,Bolivia,Viajes,FALSE,18,8,3097,1.8404907975460123,64.54853620955315,Alto,0.97
106,USR0460,missvessieherz0460,Miss Vessie Herzog MD,Bolivia,Viajes,TRUE,16,5,4078,1.1280039234919077,59.60862865947612,Alto,0.97
107,USR0289,mrscrissybogis0289,Mrs. Crissy Bogisich,Bolivia,Gastronomía,FALSE,9,15,4928,2.029220779220779,56.06163328197227,Alto,0.97
108,USR0142,johnnywillms0142,Johnny Willms,Argentina,Deportes,FALSE,16,9,4441,1.3285296104480973,52.804314329738055,Medio,0.97
109,USR0302,missmaybelleha0302,Miss Maybelle Haley,Chile,Viajes,TRUE,29,15,21949,1.056995762904916,78.68104776579354,Alto,0.968
110,USR0457,yehudakonopels0457,Yehuda Konopelski,Bolivia,Viajes,TRUE,38,8,11872,1.0192048517520216,77.79661016949153,Alto,0.968
111,USR0397,noelleullrich0397,Noelle Ullrich,Perú,Gastronomía,TRUE,20,20,17077,1.2180125314750834,72.70878274268105,Alto,0.968
112,USR0582,thorsmith0582,Thor Smith,Bolivia,Tecnología,TRUE,23,9,10103,1.049193308918143,70.12942989214176,Alto,0.968
113,USR0346,francothiel0346,Franco Thiel,Bolivia,Deportes,TRUE,25,9,7888,0.7860040567951319,65.24191063174113,Alto,0.968
114,USR0341,mrleifschroede0341,Mr. Leif Schroeder,Argentina,Gastronomía,FALSE,17,10,5707,1.6295777115822674,64.12326656394454,Alto,0.968
115,USR0215,darrylesmitham0215,Darryle Smitham MD,Bolivia,Educación,FALSE,11,9,4351,1.9765571133072857,62.18181818181818,Alto,0.968
116,USR0075,pattyparisianw0075,Patty Parisian-Wolf,Chile,Moda,TRUE,16,13,12960,0.8256172839506173,59.8613251155624,Alto,0.968
117,USR0572,drbrendonmaggi0572,Dr. Brendon Maggio Sr.,Argentina,Gastronomía,FALSE,15,11,3035,1.8451400329489291,55.482280431432976,Alto,0.968
118,USR0046,alstoncrooks0046,Alston Crooks,Bolivia,Gastronomía,TRUE,24,16,13900,1.3669064748201438,80.27734976887518,Alto,0.966
119,USR0378,kiyacarroll0378,Kiya Carroll,Colombia,Educación,TRUE,37,6,10127,0.9677100819591192,77.10323574730353,Alto,0.966
120,USR0262,ceceliamedhurs0262,Cecelia Medhurst,Bolivia,Viajes,TRUE,27,6,7407,1.174564601053058,76.03697996918335,Alto,0.966
121,USR0393,generaltorphy0393,General Torphy,Argentina,Educación,TRUE,27,12,17939,0.8138692234795697,74.93990755007704,Alto,0.966
122,USR0195,delciestiedema0195,Delcie Stiedemann,Perú,Gastronomía,FALSE,13,9,6410,1.9500780031201248,70.24653312788905,Alto,0.966
123,USR0558,darrylbodeskil0558,Darryl Bode-Skiles,Colombia,Tecnología,TRUE,29,4,3978,0.8547008547008547,67.9537750385208,Alto,0.966
124,USR0340,bethelorn0340,Bethel Orn,Bolivia,Moda,FALSE,15,14,4655,1.5467239527389904,54.8382126348228,Medio,0.966
125,USR0504,tommiecronahau0504,Tommie Crona-Hauck,Argentina,Gastronomía,TRUE,26,9,10409,1.3642040541838794,80.68721109399075,Alto,0.964
126,USR0159,saveriorenner0159,Saverio Renner,Bolivia,Educación,TRUE,39,8,7890,1.3054499366286438,79.90138674884439,Alto,0.964
127,USR0562,nikkihudson0562,Nikki Hudson,Perú,Tecnología,TRUE,30,5,3891,1.4392187098432279,75.67026194144837,Alto,0.964
128,USR0153,drtobytorpii0153,Dr. Toby Torp II,Chile,Educación,TRUE,17,13,6266,1.6278327481646984,71.3035439137134,Alto,0.964
129,USR0240,mrslaurynsimon0240,Mrs. Lauryn Simonis,Bolivia,Gastronomía,FALSE,17,9,4426,1.5137821961138727,61.84591679506934,Alto,0.964
130,USR0004,msbarbieschowa0004,Ms. Barbie Schowalter DDS,Argentina,Educación,FALSE,16,10,3833,1.6175319593008088,59.22033898305086,Alto,0.964
131,USR0055,mrwaverlycrook0055,Mr. Waverly Crooks,Perú,Educación,FALSE,18,13,7259,1.8873123019699682,73.49768875192603,Alto,0.962
132,USR0578,madelinegreenh0578,Madeline Greenholt,Argentina,Deportes,FALSE,29,8,5671,1.5870216892964204,72.24961479198768,Alto,0.962
133,USR0260,daxmorissette0260,Dax Morissette,Bolivia,Gastronomía,TRUE,18,9,4720,1.5254237288135593,66.68721109399075,Alto,0.962
134,USR0241,jessenianolan0241,Jessenia Nolan,Perú,Viajes,TRUE,18,10,5006,1.1985617259288854,59.51309707241911,Alto,0.962
135,USR0038,havenhilpertko0038,Haven Hilpert-Koch,Bolivia,Moda,TRUE,22,6,7155,1.090146750524109,72.77349768875192,Alto,0.96
136,USR0079,bonitakautzer0079,Bonita Kautzer,Chile,Deportes,FALSE,16,12,7558,1.574490605980418,61.57473035439136,Alto,0.96
137,USR0466,caleighcorwinp0466,Caleigh Corwin PhD,Chile,Viajes,FALSE,9,15,4613,2.167786689789725,57.14637904468414,Alto,0.96
138,USR0137,pollydonnelly0137,Polly Donnelly,Bolivia,Gastronomía,TRUE,33,7,5023,1.5528568584511249,79.78120184899846,Alto,0.958
139,USR0370,draugustinesta0370,Dr. Augustine Stark MD,Bolivia,Gastronomía,TRUE,24,9,4239,1.4861995753715498,71.94453004622495,Alto,0.958
140,USR0126,foywitting0126,Foy Witting,Bolivia,Educación,TRUE,23,11,4095,1.6117216117216118,69.86440677966102,Alto,0.958
141,USR0303,drgibsonrogahn0303,Dr. Gibson Rogahn,Bolivia,Moda,TRUE,17,9,3831,1.5661707126076743,67.22342064714945,Alto,0.958
142,USR0601,gwenquitzon0601,Gwen Quitzon,Argentina,Deportes,TRUE,16,9,5090,1.6110019646365423,65.66409861325116,Alto,0.958
143,USR0549,joaniefadel0549,Joanie Fadel,Bolivia,Deportes,FALSE,16,13,6034,1.541266158435532,56.631741140215716,Alto,0.958
144,USR0129,drnedhills0129,Dr. Ned Hills,Bolivia,Tecnología,TRUE,26,7,4843,1.548626884162709,79.19568567026194,Alto,0.954
145,USR0446,dillonjenkinsv0446,Dillon Jenkins V,Bolivia,Gastronomía,TRUE,27,12,9284,1.4541146057733736,78.30816640986133,Alto,0.954
146,USR0014,drangusveum0014,Dr. Angus Veum,Bolivia,Viajes,TRUE,16,8,3812,1.7313746065057714,70.49306625577813,Alto,0.954
147,USR0544,drkristifadelm0544,Dr. Kristi Fadel MD,Colombia,Educación,FALSE,15,11,7080,1.4548022598870056,62.66563944530046,Alto,0.954
148,USR0465,mrsmalvinaullr0465,Mrs. Malvina Ullrich,Bolivia,Educación,FALSE,15,9,5744,1.532033426183844,61.83667180277349,Alto,0.952
149,USR0622,missieeffertz0622,Missie Effertz,Chile,Tecnología,FALSE,21,9,4577,1.7478697837011143,68.94298921417565,Alto,0.95
150,USR0270,garnethermisto0270,Garnet Hermiston,Perú,Gastronomía,FALSE,16,12,4834,1.5928837401737692,57.46995377503852,Alto,0.95
151,USR0016,mserlenebechte0016,Ms. Erlene Bechtelar MD,Chile,Tecnología,TRUE,16,16,10290,1.554907677356657,74.49922958397535,Alto,0.948
152,USR0585,cassondracormi0585,Cassondra Cormier,Bolivia,Gastronomía,FALSE,21,18,12506,1.5592515592515592,71.99383667180277,Alto,0.948
153,USR0527,lenonschoen0527,Lenon Schoen,Bolivia,Educación,FALSE,16,11,5697,1.685097419694576,66.89368258859784,Alto,0.948
154,USR0479,drtolliemoscis0479,Dr. Tollie Mosciski III,Bolivia,Moda,FALSE,15,9,4855,1.6683831101956745,62.60708782742681,Alto,0.948
155,USR0361,misaelrohanphd0361,Misael Rohan PhD,Bolivia,Tecnología,TRUE,27,5,3669,1.4717906786590351,74.57627118644068,Alto,0.82
156,USR0592,ruthedouglas0592,Ruthe Douglas,Bolivia,Gastronomía,FALSE,21,7,3303,1.6348773841961852,63.60862865947612,Alto,0.816
157,USR0318,sharmankosscol0318,Sharman Koss-Collier,Bolivia,Moda,TRUE,33,4,3087,1.6196954972465176,77.49152542372882,Alto,0.814
158,USR0161,yettawolff0161,Yetta Wolff,Bolivia,Moda,FALSE,23,7,3377,1.4806040864672787,57.94144838212636,Alto,0.804
159,USR0183,zhanenolan0183,Zhane Nolan,Bolivia,Educación,TRUE,23,5,2271,1.4971378247468077,57.78428351309708,Alto,0.796
160,USR0064,drverlemoen0064,Dr. Verle Moen,Bolivia,Educación,FALSE,24,7,3516,1.7064846416382253,68.54545454545456,Alto,0.79
161,USR0214,alidahudson0214,Alida Hudson,Perú,Moda,FALSE,19,9,3431,1.7487612940833577,63.26656394453004,Alto,0.786
162,USR0437,drshawntepouro0437,Dr. Shawnte Pouros,Argentina,Moda,FALSE,23,7,3624,1.6004415011037527,66.43451463790447,Alto,0.784
163,USR0433,mrjarrodmcclur0433,Mr. Jarrod McClure MD,Bolivia,Moda,FALSE,16,5,2291,1.4840680925360106,44.65947611710324,Medio,0.784
164,USR0455,angelpowlowski0455,Angel Powlowski,Bolivia,Educación,TRUE,20,5,3078,1.6894087069525665,72.95223420647149,Alto,0.782
165,USR0048,freddiewardray0048,Freddie Ward-Raynor,Bolivia,Deportes,FALSE,28,5,2935,1.7035775127768313,67.45146379044685,Alto,0.78
166,USR0369,missolivametzd0369,Miss Oliva Metz DVM,Chile,Viajes,TRUE,33,3,2194,1.731996353691887,73.80585516178736,Alto,0.776
167,USR0207,harlowlueilwit0207,Harlow Lueilwitz,Colombia,Moda,TRUE,19,8,3660,1.721311475409836,72.27426810477657,Alto,0.776
168,USR0349,kaseykemmer0349,Kasey Kemmer,Perú,Deportes,FALSE,16,8,3457,1.4463407578825571,52.05855161787365,Medio,0.764
169,USR0100,raoulbins0100,Raoul Bins,Bolivia,Viajes,TRUE,15,6,2415,1.6149068322981366,51.33436055469954,Medio,0.764
170,USR0407,drcamrenokunev0407,Dr. Camren Okuneva Jr.,Chile,Gastronomía,FALSE,19,4,1453,1.9958706125258088,56.58859784283513,Alto,0.69
171,USR0637,matthiaskuvali0637,Matthias Kuvalis,Perú,Educación,FALSE,17,7,1097,2.2789425706472195,51.06625577812019,Medio,0.676
172,USR0166,wintershields0166,Winter Shields,Perú,Gastronomía,FALSE,19,1,290,2.7586206896551726,60.080123266563945,Alto,0.67
173,USR0138,garfieldaufder0138,Garfield Aufderhar,Chile,Viajes,FALSE,15,4,1830,1.8579234972677596,56.41294298921417,Alto,0.67
174,USR0059,sadyegorczany0059,Sadye Gorczany,Bolivia,Gastronomía,FALSE,15,6,1287,2.0202020202020203,49.59630200308166,Medio,0.67
175,USR0041,alberthajaskol0041,Albertha Jaskolski DVM,Colombia,Tecnología,FALSE,15,1,254,1.968503937007874,39.35901386748844,Medio,0.67
176,USR0531,gayconnphd0531,Gay Conn PhD,Bolivia,Educación,FALSE,20,4,1318,2.3520485584218513,58.49614791987674,Alto,0.664
177,USR0317,stanfordharris0317,Stanford Harris-D'Amore,Bolivia,Deportes,FALSE,18,5,1523,2.0354563361785947,57.759630200308166,Alto,0.658
178,USR0625,valarieblanda0625,Valarie Blanda,Argentina,Gastronomía,FALSE,18,6,1264,1.9778481012658229,49.71032357473037,Medio,0.656
179,USR0057,dralwinstolten0057,Dr. Alwin Stoltenberg Jr.,Argentina,Moda,FALSE,15,3,1560,1.794871794871795,55.174114021571654,Alto,0.65
180,USR0347,kirkjerde0347,Kirk Jerde,Colombia,Gastronomía,FALSE,16,5,1579,2.7232425585813806,59.451463790446844,Alto,0.646
181,USR0517,caleboyle0517,Cale Boyle,Perú,Moda,FALSE,16,1,447,3.5794183445190155,58.30200308166411,Alto,0.634
182,USR0136,mrlenondaugher0136,Mr. Lenon Daugherty PhD,Chile,Gastronomía,TRUE,15,4,1866,1.6613076098606645,52.32973805855162,Medio,0.582
183,USR0081,mscourtneyhick0081,Ms. Courtney Hickle MD,Colombia,Moda,TRUE,22,2,697,1.5781922525107603,55.14946070878275,Alto,0.566
184,USR0422,anthonykreiger0422,Anthony Kreiger,Colombia,Educación,FALSE,16,3,1082,1.6635859519408502,44.01232665639446,Medio,0.554
185,USR0076,carlylefeest0076,Carlyle Feest,Colombia,Educación,FALSE,20,2,1617,1.6697588126159555,57.58089368258861,Alto,0.548
186,USR0044,trilbyharber0044,Trilby Harber,Bolivia,Educación,FALSE,19,2,538,1.6728624535315986,44.875192604006166,Medio,0.548
187,USR0516,drluceroschamb0516,Dr. Lucero Schamberger DDS,Bolivia,Gastronomía,TRUE,17,4,1557,1.5414258188824663,56.90292758089368,Alto,0.544
188,USR0352,zettaflatley0352,Zetta Flatley,Argentina,Educación,FALSE,23,3,1420,1.7605633802816902,59.54391371340524,Alto,0.53
189,USR0406,staffordlubowi0406,Stafford Lubowitz,Colombia,Tecnología,FALSE,15,3,1041,1.440922190201729,36.865947611710325,Medio,0.524
190,USR0462,brittanidicki0462,Brittani Dicki,Bolivia,Moda,TRUE,37,1,1614,1.734820322180917,74.05238828967643,Alto,0.52
191,USR0609,michelleleffle0609,Michelle Leffler,Chile,Gastronomía,FALSE,11,12,4835,1.6132368148914167,49.06625577812019,Medio,0.472
192,USR0187,tiesharatkemd0187,Tiesha Ratke MD,Perú,Moda,FALSE,11,10,5088,1.474056603773585,53.420647149460706,Medio,0.46
193,USR0581,janaycasper0581,Janay Casper,Perú,Deportes,FALSE,10,15,4335,1.6147635524798154,49.836671802773495,Medio,0.452
194,USR0338,lawyersanfordm0338,Lawyer Sanford MD,Bolivia,Deportes,FALSE,14,9,4966,1.4699959726137737,58.20030816640986,Alto,0.446
195,USR0328,drlakeshanolan0328,Dr. Lakesha Nolan PhD,Bolivia,Tecnología,FALSE,14,14,6694,1.6731401254855094,64.5146379044684,Alto,0.442
196,USR0235,rhodaauer0235,Rhoda Auer,Perú,Viajes,FALSE,9,12,5227,1.6835660991008226,52.474576271186436,Medio,0.442
197,USR0279,violetteconn0279,Violette Conn,Perú,Educación,FALSE,10,15,5432,1.638438880706922,56.314329738058554,Alto,0.44
198,USR0368,havenmayerphd0368,Haven Mayer PhD,Bolivia,Deportes,FALSE,9,9,4120,1.6990291262135921,54.01232665639445,Medio,0.44
199,USR0598,misszoiebartol0598,Miss Zoie Bartoletti,Colombia,Tecnología,FALSE,14,13,9169,1.5814156396553605,65.86748844375964,Alto,0.436
200,USR0152,mrvolneyterry0152,Mr. Volney Terry,Bolivia,Moda,FALSE,12,17,9063,1.6992165949464857,63.10015408320493,Alto,0.436
201,USR0175,troyvandervort0175,Troy Vandervort,Bolivia,Gastronomía,FALSE,11,9,3814,1.5731515469323545,48.57010785824345,Medio,0.436
202,USR0261,mikailacremin0261,Mikaila Cremin,Bolivia,Viajes,FALSE,12,12,4500,1.6222222222222222,52.832049306625585,Medio,0.432
203,USR0353,symonekonopels0353,Symone Konopelski-Koch,Perú,Educación,TRUE,13,8,6434,1.1035125893689772,55.94453004622496,Alto,0.43
204,USR0487,calebrussel0487,Caleb Russel,Perú,Moda,FALSE,13,9,4344,1.5423572744014733,55.35901386748845,Alto,0.43
205,USR0008,draurelioadams0008,Dr. Aurelio Adams,Perú,Gastronomía,FALSE,10,9,3915,1.7624521072796935,54.11093990755007,Medio,0.43
206,USR0414,mrdessiekuvali0414,Mr. Dessie Kuvalis II,Chile,Tecnología,FALSE,12,16,5992,1.6355140186915889,56.517719568567024,Alto,0.428
207,USR0513,drcorrinanicol0513,Dr. Corrina Nicolas,Colombia,Educación,FALSE,10,9,11704,1.2047163362952837,54.64406779661017,Medio,0.426
208,USR0444,marcellagoyett0444,Marcella Goyette,Chile,Viajes,FALSE,10,11,5326,1.5771686068343973,55.73497688751926,Alto,0.422
209,USR0135,phyliciaswifts0135,Phylicia Swift-Shanahan,Bolivia,Educación,FALSE,13,12,5822,1.5286843009275164,57.864406779661024,Alto,0.418
210,USR0239,harrisonbailey0239,Harrison Bailey,Chile,Gastronomía,FALSE,11,15,3819,1.6758313694684472,47.82742681047766,Medio,0.418
211,USR0498,drneryweissnat0498,Dr. Nery Weissnat DDS,Chile,Educación,FALSE,10,15,6332,1.5792798483891346,51.15870570107859,Medio,0.416
212,USR0494,audleyhermisto0494,Audley Hermiston II,Argentina,Viajes,FALSE,13,7,4336,1.5913284132841328,57.0231124807396,Alto,0.412
213,USR0386,mairamarvin0386,Maira Marvin,Argentina,Moda,FALSE,10,14,6047,1.5544898296676037,53.6979969183359,Medio,0.41
214,USR0173,tiffanybeerdvm0173,Tiffany Beer DVM,Chile,Moda,TRUE,13,10,4381,1.2554211367267747,56.68104776579354,Alto,0.408
215,USR0305,mrsbriannaharb0305,Mrs. Brianna Harber,Bolivia,Deportes,FALSE,12,9,4623,1.1031797534068786,47.20493066255778,Medio,0.408
216,USR0273,riyaosinski0273,Riya Osinski,Bolivia,Educación,FALSE,9,11,4514,1.5064244572441294,46.72110939907551,Medio,0.406
217,USR0483,matiasgrady0483,Matias Grady,Bolivia,Viajes,TRUE,12,9,6228,1.3808606294155428,63.52542372881357,Alto,0.404
218,USR0047,drtonihaagmd0047,Dr. Toni Haag MD,Argentina,Gastronomía,FALSE,11,7,4585,1.4176663031624863,52.57010785824345,Medio,0.404
219,USR0224,mohamedgaylord0224,Mohamed Gaylord DDS,Bolivia,Deportes,TRUE,14,16,9524,1.3439731205375893,66.61325115562403,Alto,0.4
220,USR0069,msjannettefade0069,Ms. Jannette Fadel PhD,Perú,Educación,FALSE,13,16,7965,1.5944758317639673,61.33127889060093,Alto,0.4
221,USR0502,draustynwillms0502,Dr. Austyn Willms,Bolivia,Educación,FALSE,11,11,7566,1.3084853291038858,55.0693374422188,Alto,0.4
222,USR0309,ivyabbottschow0309,Ivy Abbott-Schowalter,Bolivia,Viajes,FALSE,11,9,5162,1.5110422316931422,49.494607087827426,Medio,0.4
223,USR0326,devanemard0326,Devan Emard,Chile,Deportes,TRUE,11,13,18061,1.0409168927523393,61.78428351309707,Alto,0.398
224,USR0594,thurstonprohas0594,Thurston Prohaska,Colombia,Moda,TRUE,14,15,14848,0.8755387931034483,62.807395993836664,Alto,0.396
225,USR0606,jordonbatz0606,Jordon Batz,Bolivia,Viajes,FALSE,14,10,4067,1.573641504794689,54.29275808936826,Medio,0.396
226,USR0193,nealytownedvm0193,Nealy Towne DVM,Perú,Viajes,FALSE,11,11,4465,1.187010078387458,41.18952234206471,Medio,0.396
227,USR0336,bularobelbahri0336,Bula Robel-Bahringer,Bolivia,Gastronomía,FALSE,9,15,6955,1.6247304097771387,53.855161787365176,Medio,0.392
228,USR0371,mrssydnimckenz0371,Mrs. Sydni McKenzie DDS,Perú,Tecnología,TRUE,12,9,4650,1.2043010752688172,52.813559322033896,Medio,0.392
229,USR0490,everettmraz0490,Everett Mraz,Chile,Moda,TRUE,10,6,4264,1.1960600375234522,52.63790446841294,Medio,0.392
230,USR0103,mrsmelindabrue0103,Mrs. Melinda Bruen,Bolivia,Deportes,FALSE,12,8,5311,1.3368480512144605,52.29583975346688,Medio,0.388
231,USR0171,abrilkshlerin0171,Abril Kshlerin,Chile,Tecnología,FALSE,9,10,5791,1.3469176308064237,49.07241910631741,Medio,0.388
232,USR0381,mrsilenecronin0381,Mrs. Ilene Cronin,Chile,Educación,TRUE,22,6,2222,1.3051305130513051,52.37904468412944,Medio,0.384
233,USR0177,ansleydubuque0177,Ansley DuBuque,Bolivia,Deportes,FALSE,10,13,5291,1.3986013986013985,45.2788906009245,Medio,0.384
234,USR0573,drbartbalistre0573,Dr. Bart Balistreri,Bolivia,Tecnología,TRUE,11,4,4908,1.0187449062754685,54.354391371340526,Medio,0.38
235,USR0268,jaycobberge0268,Jaycob Berge,Chile,Deportes,FALSE,23,6,2137,1.2166588675713617,49.815100154083204,Medio,0.378
236,USR0231,mrmohamedgisla0231,Mr. Mohamed Gislason II,Bolivia,Educación,TRUE,15,4,2938,1.0211027910142954,44.17257318952233,Medio,0.378
237,USR0348,enolaroberts0348,Enola Roberts,Perú,Moda,FALSE,9,9,3814,1.232302045097011,38.539291217257315,Medio,0.378
238,USR0221,carmelkirlin0221,Carmel Kirlin,Chile,Educación,FALSE,12,6,3919,1.3013523858127074,51.40832049306625,Medio,0.376
239,USR0017,gideonquigleym0017,Gideon Quigley MD,Bolivia,Deportes,FALSE,15,6,2612,1.339969372128637,48.75500770416025,Medio,0.376
240,USR0339,zariavandervor0339,Zaria Vandervort,Bolivia,Deportes,TRUE,22,4,2716,0.9204712812960235,54.89060092449923,Medio,0.374
241,USR0647,creolahintzmd0647,Creola Hintz MD,Perú,Tecnología,TRUE,18,2,2201,0.8632439800090868,52.60092449922959,Medio,0.374
242,USR0099,tobewaelchi0099,Tobe Waelchi,Bolivia,Moda,TRUE,13,13,6391,0.9701142231262713,50.91833590138675,Medio,0.372
243,USR0067,stewardboehmke0067,Steward Boehm-Kerluke,Bolivia,Gastronomía,FALSE,17,3,2155,1.2529002320185614,46.11710323574731,Medio,0.368
244,USR0083,omapacochaphd0083,Oma Pacocha PhD,Chile,Gastronomía,TRUE,14,10,4689,1.3648965664320751,56.58551617873652,Alto,0.366
245,USR0210,aribuckridge0210,Ari Buckridge,Bolivia,Gastronomía,TRUE,13,5,5071,1.0254387694734766,60.36055469953775,Alto,0.364
246,USR0547,jonpouros0547,Jon Pouros,Bolivia,Moda,TRUE,11,12,6252,1.3915547024952015,55.24499229583976,Alto,0.364
247,USR0264,ariellesipes0264,Arielle Sipes,Perú,Gastronomía,FALSE,10,9,6107,1.0316030784345833,43.685670261941446,Medio,0.356
248,USR0277,tressiewolf0277,Tressie Wolf,Bolivia,Moda,FALSE,10,10,6223,1.3819701108789972,49.24499229583975,Medio,0.352
249,USR0001,raquelziemannd0001,Raquel Ziemann DDS,Perú,Tecnología,TRUE,21,2,3157,1.2353500158378208,67.26348228043143,Alto,0.35
250,USR0265,cillalarson0265,Cilla Larson,Perú,Deportes,TRUE,22,6,2301,1.3472403302911777,56.449922958397536,Alto,0.35
251,USR0029,hayleewyman0029,Haylee Wyman,Colombia,Deportes,TRUE,9,9,5278,1.098901098901099,43.69183359013867,Medio,0.35
252,USR0123,nikkowatsica0123,Nikko Watsica,Bolivia,Educación,TRUE,20,3,2326,1.3757523645743766,64.17257318952234,Alto,0.348
253,USR0217,mickylockman0217,Micky Lockman,Bolivia,Tecnología,TRUE,21,6,2599,1.2697191227395153,52.240369799691834,Medio,0.344
254,USR0476,allissonleschm0476,Allisson Lesch MD,Colombia,Viajes,TRUE,19,8,2196,1.2750455373406193,49.01078582434515,Medio,0.342
255,USR0228,demarionernser0228,Demarion Ernser,Colombia,Gastronomía,FALSE,17,4,2571,1.32244262932711,47.86132511556241,Medio,0.342
256,USR0141,ameliekonopels0141,Amelie Konopelski,Perú,Deportes,TRUE,16,8,3264,1.133578431372549,47.21417565485362,Medio,0.338
257,USR0117,gabrielheidenr0117,Gabriel Heidenreich,Perú,Moda,TRUE,27,4,3198,1.0318949343339587,59.43913713405239,Alto,0.328
258,USR0395,leishadaughert0395,Leisha Daugherty,Bolivia,Deportes,FALSE,30,4,3794,1.2124406958355298,60.71494607087827,Alto,0.324
259,USR0294,mrdelmathompso0294,Mr. Delma Thompson,Chile,Tecnología,TRUE,20,4,3419,1.2869260017548991,65.9506933744222,Alto,0.322
260,USR0617,leathamurphy0617,Leatha Murphy,Colombia,Moda,FALSE,13,10,2521,2.380007933359778,57.56548536209554,Alto,0.312
261,USR0475,kishaschadentr0475,Kisha Schaden-Tremblay,Perú,Viajes,FALSE,10,9,2827,2.0516448532012737,53.83975346687211,Medio,0.3
262,USR0321,lavernasmith0321,Laverna Smith,Argentina,Deportes,FALSE,13,9,2832,2.01271186440678,55.60246533127891,Alto,0.294
263,USR0150,mrtheodoretreu0150,Mr. Theodore Treutel II,Bolivia,Tecnología,FALSE,10,11,3566,1.8227706113292204,54.240369799691834,Medio,0.29
264,USR0548,mrnoelblandaph0548,Mr. Noel Blanda PhD,Bolivia,Deportes,FALSE,12,9,3166,2.1162349968414405,56.63482280431433,Alto,0.288
265,USR0097,robinadams0097,Robin Adams,Perú,Moda,FALSE,13,8,3169,1.861786052382455,54.36671802773498,Medio,0.288
266,USR0632,holliewestmd0632,Hollie West MD,Bolivia,Educación,FALSE,12,5,2128,1.8796992481203008,53.20493066255778,Medio,0.288
267,USR0084,missnereidahea0084,Miss Nereida Heathcote DVM,Bolivia,Educación,FALSE,14,9,3590,2.116991643454039,65.43913713405239,Alto,0.284
268,USR0089,maxielabadie0089,Maxie Labadie,Bolivia,Educación,FALSE,10,12,3148,1.8424396442185516,45.9753466872111,Medio,0.282
269,USR0403,sharlaabernath0403,Sharla Abernathy-Runolfsson,Argentina,Viajes,FALSE,11,10,2591,1.852566576611347,44.483821263482284,Medio,0.282
270,USR0385,daytoncollins0385,Dayton Collins,Perú,Deportes,FALSE,9,9,3528,1.7857142857142858,53.45146379044685,Medio,0.28
271,USR0473,kuntakunze0473,Kunta Kunze,Argentina,Gastronomía,FALSE,9,9,3072,1.85546875,48.443759630200304,Medio,0.278
272,USR0022,albertinezulau0022,Albertine Zulauf,Chile,Gastronomía,FALSE,11,11,2508,1.8740031897926634,49.833590138674886,Medio,0.276
273,USR0113,minorbartell0113,Minor Bartell,Colombia,Educación,FALSE,9,10,2888,1.9390581717451523,49.463790446841294,Medio,0.272
274,USR0165,matildewitting0165,Matilde Witting,Bolivia,Tecnología,FALSE,10,10,3036,1.8774703557312253,47.79661016949153,Medio,0.272
275,USR0255,abdielrunolfsd0255,Abdiel Runolfsdottir,Colombia,Gastronomía,FALSE,9,6,2698,1.8902891030392883,47.355932203389834,Medio,0.272
276,USR0045,villacormierlo0045,Villa Cormier-Lowe,Colombia,Gastronomía,FALSE,14,5,2410,1.9087136929460582,59.833590138674886,Alto,0.266
277,USR0375,fayetteabernat0375,Fayette Abernathy,Bolivia,Moda,FALSE,11,15,3720,2.204301075268817,56.38212634822805,Alto,0.262
278,USR0115,tatianamcclure0115,Tatiana McClure,Colombia,Moda,FALSE,13,8,2455,1.955193482688391,54.6286594761171,Medio,0.262
279,USR0616,drmyrticegutko0616,Dr. Myrtice Gutkowski PhD,Perú,Tecnología,FALSE,9,9,2740,2.18978102189781,47.54083204930663,Medio,0.262
280,USR0543,mrorlinkovacek0543,Mr. Orlin Kovacek,Colombia,Gastronomía,FALSE,10,14,3702,1.8638573743922204,49.026194144838215,Medio,0.26
281,USR0068,abhalvorson0068,Ab Halvorson,Colombia,Tecnología,FALSE,10,10,3512,2.078587699316629,57.65793528505393,Alto,0.258
282,USR0645,melodymurazik0645,Melody Murazik,Bolivia,Educación,FALSE,9,13,3626,2.0132377275234417,48.665639445300464,Medio,0.258
283,USR0292,dreugeniokris0292,Dr. Eugenio Kris,Perú,Educación,FALSE,9,7,2423,1.9810152703260422,46.62865947611711,Medio,0.256
284,USR0567,darlineroberts0567,Darline Roberts DVM,Colombia,Educación,FALSE,11,8,2825,1.8407079646017699,49.186440677966104,Medio,0.238
285,USR0218,karsonokeefe0218,Karson O'Keefe,Bolivia,Moda,FALSE,13,12,2813,1.9552079630287948,50.58243451463791,Medio,0.23
286,USR0247,maebellemayert0247,Maebelle Mayert,Bolivia,Moda,FALSE,20,2,891,1.3468013468013469,45.28505392912173,Medio,0.124
287,USR0359,donavanboyerha0359,Donavan Boyer-Hane,Chile,Gastronomía,FALSE,13,8,2470,1.6194331983805668,46.64406779661017,Medio,0.112
288,USR0463,dollyleuschkee0463,Dolly Leuschke-Erdman,Bolivia,Moda,FALSE,9,8,2047,1.6121152906692722,36.48998459167951,Bajo,0.104
289,USR0088,dotjacobsgibso0088,Dot Jacobs-Gibson,Chile,Gastronomía,FALSE,31,3,1781,1.235261089275688,53.8828967642527,Medio,0.1
290,USR0410,mrsjosefitazul0410,Mrs. Josefita Zulauf,Perú,Gastronomía,FALSE,19,2,1606,0.9962640099626401,45.74422187981511,Medio,0.1
291,USR0003,romainejacobis0003,Romaine Jacobi-Swaniawski,Argentina,Gastronomía,FALSE,23,4,1668,1.1990407673860912,45.300462249614796,Medio,0.1
292,USR0421,marryjacobs0421,Marry Jacobs,Bolivia,Educación,TRUE,25,3,1838,1.088139281828074,52.21263482280432,Medio,0.098
293,USR0198,parleyhodkiewi0198,Parley Hodkiewicz,Chile,Gastronomía,FALSE,15,2,929,1.0764262648008611,34.687211093990754,Bajo,0.098
294,USR0482,dayanakozey0482,Dayana Kozey,Argentina,Educación,FALSE,12,10,3587,1.644828547532757,53.402157164869024,Medio,0.096
295,USR0521,rindalittlemd0521,Rinda Little MD,Chile,Gastronomía,FALSE,14,4,2697,1.557285873192436,51.516178736517716,Medio,0.096
296,USR0461,dallasschuppem0461,Dallas Schuppe-Mitchell,Bolivia,Tecnología,FALSE,11,11,1914,2.246603970741902,43.673343605547,Medio,0.096
297,USR0219,teaokon0219,Tea O'Kon,Bolivia,Deportes,FALSE,10,7,2306,1.5611448395490026,43.17103235747304,Medio,0.096
298,USR0158,dredselmorardv0158,Dr. Edsel Morar DVM,Perú,Moda,FALSE,18,4,1521,1.3149243918474687,42.1140215716487,Medio,0.096
299,USR0040,carriesauer0040,Carrie Sauer,Argentina,Moda,FALSE,9,11,2928,1.7418032786885247,40.14175654853621,Medio,0.096
300,USR0087,lawrencegottli0087,Lawrence Gottlieb,Chile,Gastronomía,FALSE,12,4,3470,1.6426512968299711,57.63636363636364,Alto,0.094
301,USR0440,renadaprohaska0440,Renada Prohaska,Perú,Viajes,FALSE,10,5,1804,2.2172949002217295,52.6286594761171,Medio,0.094
302,USR0028,drgermanpaucek0028,Dr. German Paucek,Perú,Gastronomía,FALSE,11,9,3390,1.6519174041297935,47.79969183359014,Medio,0.094
303,USR0389,eanbinsv0389,Ean Bins V,Chile,Viajes,FALSE,9,9,2720,1.6176470588235294,42.16949152542372,Medio,0.094
304,USR0509,mrjakeschulist0509,Mr. Jake Schulist V,Bolivia,Tecnología,FALSE,12,4,588,2.380952380952381,41.95685670261942,Medio,0.094
305,USR0155,drmichellemcke0155,Dr. Michelle McKenzie,Perú,Moda,FALSE,13,4,1068,1.8726591760299625,45.984591679506934,Medio,0.092
306,USR0478,lyndseydarenol0478,Lyndsey Dare-Nolan,Bolivia,Viajes,FALSE,14,12,2133,1.6877637130801688,40.53004622496148,Medio,0.09
307,USR0258,drjedhilll0258,Dr. Jed Hilll,Bolivia,Moda,TRUE,24,1,126,0.7936507936507936,39.01078582434515,Medio,0.09
308,USR0073,mrtreytonparke0073,Mr. Treyton Parker III,Colombia,Gastronomía,FALSE,9,11,2789,1.541771244173539,33.79661016949152,Bajo,0.09
309,USR0600,teddiebuckridg0600,Teddie Buckridge,Argentina,Tecnología,TRUE,17,1,863,1.0428736964078795,47.907550077041606,Medio,0.088
310,USR0565,reecezulaufmil0565,Reece Zulauf-Mills,Bolivia,Gastronomía,FALSE,10,10,3194,1.7219787100814026,46.221879815100145,Medio,0.088
311,USR0384,alvarosatterfi0384,Alvaro Satterfield,Bolivia,Deportes,FALSE,12,7,2896,1.5538674033149171,46.29583975346687,Medio,0.086
312,USR0583,destineycolebr0583,Destiney Cole-Braun,Colombia,Educación,FALSE,11,5,1110,2.5225225225225225,43.719568567026194,Medio,0.086
313,USR0599,mrmichialbarto0599,Mr. Michial Barton,Bolivia,Tecnología,FALSE,11,7,1504,2.4601063829787235,42.44684129429893,Medio,0.086
314,USR0307,lilyanaokeefe0307,Lilyana O'Keefe,Bolivia,Viajes,FALSE,9,5,1240,2.096774193548387,41.96610169491525,Medio,0.086
315,USR0146,siewuckert0146,Sie Wuckert,Colombia,Tecnología,FALSE,9,12,3506,1.4831717056474616,36.40369799691834,Bajo,0.086
316,USR0469,nicklauskulasp0469,Nicklaus Kulas PhD,Chile,Moda,FALSE,14,6,1571,1.7823042647994907,42.26194144838213,Medio,0.084
317,USR0630,drorahkihnmd0630,Dr. Orah Kihn MD,Argentina,Deportes,FALSE,9,7,2374,1.6006739679865207,41.93836671802773,Medio,0.084
318,USR0025,susannahharber0025,Susannah Harber,Argentina,Gastronomía,FALSE,10,3,775,2.3225806451612905,40.1171032357473,Medio,0.084
319,USR0157,mansonvandervo0157,Manson Vandervort,Perú,Moda,TRUE,26,1,1478,0.6765899864682002,56.00308166409861,Alto,0.082
320,USR0411,blanchiecarter0411,Blanchie Carter,Bolivia,Moda,FALSE,12,9,3701,1.5131045663334235,50.71186440677966,Medio,0.082
321,USR0313,charltonsmitha0313,Charlton Smitham,Bolivia,Viajes,FALSE,13,6,2366,1.606086221470837,48.97072419106318,Medio,0.082
322,USR0404,loydschaden0404,Loyd Schaden,Chile,Viajes,FALSE,12,7,3211,1.494861413889754,47.94144838212635,Medio,0.082
323,USR0201,clemensvon0201,Clemens Von,Chile,Moda,FALSE,11,6,2804,1.4621968616262482,42.81972265023112,Medio,0.082
324,USR0331,mrsmithlittle0331,Mr. Smith Little,Argentina,Deportes,FALSE,12,6,3213,1.7429193899782136,56.36671802773498,Alto,0.08
325,USR0542,latarshawisoky0542,Latarsha Wisoky PhD,Bolivia,Deportes,FALSE,13,7,2128,1.6917293233082706,46.440677966101696,Medio,0.08
326,USR0621,geebergnaum0621,Gee Bergnaum,Argentina,Gastronomía,FALSE,9,8,3459,1.6189650187915583,46.27118644067797,Medio,0.08
327,USR0058,khadijahmcglyn0058,Khadijah McGlynn,Argentina,Educación,FALSE,9,5,1571,1.9096117122851686,43.473035439137135,Medio,0.08
328,USR0377,vandernitzsche0377,Vander Nitzsche DVM,Chile,Viajes,FALSE,13,6,1215,2.05761316872428,43.023112480739606,Medio,0.08
329,USR0139,evertharrisdvm0139,Evert Harris DVM,Bolivia,Moda,FALSE,11,2,438,2.5114155251141552,50.95839753466872,Medio,0.078
330,USR0287,eleanoreturner0287,Eleanore Turner MD,Colombia,Moda,FALSE,9,8,3085,1.7504051863857375,46.27118644067797,Medio,0.078
331,USR0291,cameronokeefe0291,Cameron O'Keefe,Bolivia,Gastronomía,FALSE,9,10,3074,1.6916070266753416,45.08166409861325,Medio,0.078
332,USR0584,yadirastanton0584,Yadira Stanton,Bolivia,Educación,FALSE,10,3,667,2.2488755622188905,39.74730354391371,Medio,0.078
333,USR0163,fountkerlukebr0163,Fount Kerluke-Bradtke,Perú,Moda,FALSE,10,8,2791,1.4331780723754926,37.93836671802773,Medio,0.078
334,USR0284,clotildapriceb0284,Clotilda Price-Bauch,Argentina,Tecnología,TRUE,15,1,545,1.2844036697247707,36.366718027734976,Bajo,0.078
335,USR0337,misstishieauer0337,Miss Tishie Auer DVM,Perú,Viajes,FALSE,13,6,1141,1.9281332164767748,43.59013867488444,Medio,0.076
336,USR0351,charlottieauer0351,Charlottie Auer,Perú,Gastronomía,FALSE,11,3,971,2.265705458290422,41.80893682588598,Medio,0.076
337,USR0491,mscorettareich0491,Ms. Coretta Reichert,Colombia,Deportes,FALSE,12,3,639,2.347417840375587,40.144838212634824,Medio,0.076
338,USR0197,fidelprosacco0197,Fidel Prosacco,Argentina,Tecnología,FALSE,20,0,0,0,22.995377503852083,Bajo,0.076
339,USR0439,mrsadelinareyn0439,Mrs. Adelina Reynolds,Perú,Educación,TRUE,9,4,1187,2.611625947767481,49.645608628659474,Medio,0.074
340,USR0162,georgettewitti0162,Georgette Witting-Denesik,Colombia,Viajes,FALSE,10,10,3249,1.7543859649122806,44.40986132511557,Medio,0.074
341,USR0454,drsteviecollin0454,Dr. Stevie Collins PhD,Bolivia,Educación,TRUE,13,10,2184,1.465201465201465,44.36055469953776,Medio,0.074
342,USR0334,juliannagottli0334,Julianna Gottlieb,Argentina,Viajes,FALSE,11,4,862,2.2041763341067284,39.78120184899846,Medio,0.074
343,USR0650,adrienlabadie0650,Adrien Labadie,Argentina,Educación,FALSE,9,9,2605,1.420345489443378,32.69337442218798,Bajo,0.074
344,USR0327,chastitywalsh0327,Chastity Walsh,Colombia,Deportes,FALSE,12,9,3230,1.4551083591331269,49.0231124807396,Medio,0.072
345,USR0604,loyalmacejkovi0604,Loyal Macejkovic,Bolivia,Gastronomía,FALSE,12,9,1821,2.196595277320154,47.88597842835131,Medio,0.072
346,USR0148,willyrenneriv0148,Willy Renner IV,Colombia,Gastronomía,FALSE,10,6,1513,2.1150033046926637,39.630200308166415,Medio,0.072
347,USR0272,mickiehegmann0272,Mickie Hegmann,Bolivia,Viajes,FALSE,10,12,3293,1.5791071970847252,38.30508474576271,Medio,0.072
348,USR0438,bettyjanekub0438,Bettyjane Kub,Perú,Viajes,FALSE,14,7,3382,1.4192785334121822,53.14946070878275,Medio,0.07
349,USR0050,marshritchie0050,Marsh Ritchie,Colombia,Moda,FALSE,10,6,2671,1.7596405840509173,48.98921417565486,Medio,0.07
350,USR0372,missraelynnpre0372,Miss Raelynn Predovic,Bolivia,Moda,FALSE,11,5,1524,1.9028871391076116,47.69183359013868,Medio,0.07
351,USR0213,barnardheidenr0213,Barnard Heidenreich,Perú,Viajes,TRUE,14,4,2118,1.5108593012275733,47.43605546995377,Medio,0.07
352,USR0360,andriawilkinso0360,Andria Wilkinson,Colombia,Tecnología,FALSE,12,5,1039,2.3099133782483157,45.929121725731896,Medio,0.07
353,USR0506,lynnwalsh0506,Lynn Walsh,Chile,Tecnología,FALSE,10,2,456,2.6315789473684212,36.28351309707242,Bajo,0.07
354,USR0271,olanmorissette0271,Olan Morissette,Bolivia,Deportes,FALSE,11,3,587,1.8739352640545144,37.75654853620956,Medio,0.068
355,USR0220,yvetteleuschke0220,Yvette Leuschke-Balistreri,Perú,Deportes,TRUE,14,7,2630,1.7110266159695817,55.93836671802773,Alto,0.066
356,USR0537,drjulegradymd0537,Dr. Jule Grady MD,Argentina,Gastronomía,FALSE,13,4,1143,1.837270341207349,42.77349768875193,Medio,0.066
357,USR0205,goldiaconsidin0205,Goldia Considine,Bolivia,Educación,FALSE,11,4,1022,2.0547945205479454,40.86902927580894,Medio,0.066
358,USR0245,kamronnolan0245,Kamron Nolan,Colombia,Educación,FALSE,11,10,2712,1.6224188790560472,38.67796610169491,Medio,0.066
359,USR0614,vernalwiza0614,Vernal Wiza,Bolivia,Educación,FALSE,10,7,2164,1.432532347504621,36.54853620955316,Bajo,0.066
360,USR0130,roninfeestreic0130,Ronin Feest-Reichert,Colombia,Educación,FALSE,9,6,1484,1.8194070080862534,33.53158705701078,Bajo,0.066
361,USR0236,lovedickinson0236,Love Dickinson,Bolivia,Viajes,FALSE,14,1,355,3.380281690140845,55.100154083204934,Alto,0.064
362,USR0538,caelcummerata0538,Cael Cummerata,Bolivia,Educación,FALSE,10,8,1898,1.9494204425711275,41.281972265023114,Medio,0.064
363,USR0396,misscandinader0396,Miss Candi Nader,Perú,Gastronomía,FALSE,10,3,760,1.9736842105263157,36.98921417565486,Medio,0.064
364,USR0442,michalhermisto0442,Michal Hermiston-Will,Colombia,Viajes,FALSE,9,4,947,2.1119324181626187,32.93374422187981,Bajo,0.064
365,USR0453,cheyennerunte0453,Cheyenne Runte,Chile,Moda,FALSE,10,4,887,2.367531003382187,41.64252696456086,Medio,0.062
366,USR0470,arnoldmorarlin0470,Arnold Morar-Lind,Colombia,Gastronomía,FALSE,10,11,2545,1.7288801571709234,41.152542372881356,Medio,0.062
367,USR0515,parrishgleason0515,Parrish Gleason II,Colombia,Moda,FALSE,9,4,758,3.034300791556728,35.19260400616333,Bajo,0.062
368,USR0608,dredmonkunze0608,Dr. Edmon Kunze,Bolivia,Gastronomía,FALSE,12,5,1634,2.692778457772338,58.144838212634816,Alto,0.06
369,USR0256,luigiziemann0256,Luigi Ziemann,Chile,Gastronomía,FALSE,12,5,1644,1.8856447688564477,49.72265023112481,Medio,0.06
370,USR0605,rashaadbode0605,Rashaad Bode,Argentina,Tecnología,FALSE,14,4,925,2.1621621621621623,42.557781201849,Medio,0.06
371,USR0493,wallacegoodwin0493,Wallace Goodwin,Bolivia,Educación,FALSE,10,6,1430,1.9580419580419581,41.972265023112485,Medio,0.06
372,USR0624,drewmurrayflat0624,Drew Murray-Flatley,Perú,Viajes,FALSE,11,11,2324,1.721170395869191,41.16178736517719,Medio,0.06
373,USR0379,ulyssescorwin0379,Ulysses Corwin,Perú,Moda,FALSE,14,3,999,3.003003003003003,55.62403697996918,Alto,0.058
374,USR0398,alvyankundingg0398,Alvy Ankunding-Graham,Bolivia,Moda,FALSE,10,5,1344,2.0833333333333335,46.261941448382125,Medio,0.056
375,USR0481,bethanybartell0481,Bethany Bartell,Bolivia,Viajes,FALSE,10,3,262,4.580152671755725,36.2557781201849,Bajo,0.056
376,USR0096,mrmillergottli0096,Mr. Miller Gottlieb II,Bolivia,Gastronomía,FALSE,14,7,1587,2.1424070573408946,49.31895223420648,Medio,0.054
377,USR0085,mrsteviemoen0085,Mr. Stevie Moen,Perú,Viajes,FALSE,13,6,1758,2.1046643913538112,47.87057010785824,Medio,0.054
378,USR0505,ivysauercormie0505,Ivy Sauer-Cormier,Perú,Gastronomía,FALSE,11,8,1672,1.7942583732057416,37.92604006163328,Medio,0.052
379,USR0631,kennethhartman0631,Kenneth Hartmann,Argentina,Tecnología,FALSE,8,12,6940,1.080691642651297,40.822804314329744,Medio,0.03
380,USR0267,maryannkautzer0267,Maryann Kautzer,Bolivia,Deportes,FALSE,10,5,1507,1.7252820172528203,37.993836671802775,Medio,0.03
381,USR0108,jaydenskiles0108,Jayden Skiles,Bolivia,Deportes,FALSE,5,17,6545,1.8029029793735676,47.00462249614792,Medio,0.028
382,USR0423,vickieosinski0423,Vickie Osinski,Bolivia,Tecnología,TRUE,6,9,4366,0.7787448465414567,32.02465331278891,Bajo,0.026
383,USR0250,mrsronahudsonm0250,Mrs. Rona Hudson MD,Chile,Deportes,FALSE,7,13,5626,1.7774617845716316,50.97996918335901,Medio,0.024
384,USR0178,missdanitaripp0178,Miss Danita Rippin MD,Argentina,Viajes,FALSE,6,10,5197,1.3661727919953819,40.39445300462249,Medio,0.024
385,USR0535,emrystoltenber0535,Emry Stoltenberg,Colombia,Viajes,FALSE,4,13,7404,1.539708265802269,44.59784283513097,Medio,0.02
386,USR0184,ewellbeahan0184,Ewell Beahan,Perú,Tecnología,FALSE,6,11,4204,1.9029495718363463,44.24345146379045,Medio,0.02
387,USR0541,roddystreich0541,Roddy Streich,Bolivia,Gastronomía,FALSE,4,25,9049,1.3924190518289314,36.57627118644068,Bajo,0.02
388,USR0320,mieshaschummyo0320,Miesha Schumm-Yost,Argentina,Gastronomía,FALSE,13,6,3537,1.1874469889737065,43.503852080123266,Medio,0.018
389,USR0232,andrialindgren0232,Andria Lindgren DDS,Chile,Gastronomía,FALSE,13,3,1341,1.4914243102162565,43.31587057010786,Medio,0.018
390,USR0450,eldredlakin0450,Eldred Lakin,Argentina,Viajes,FALSE,9,7,1590,1.5723270440251573,35.20493066255778,Bajo,0.018
391,USR0246,carriehoeger0246,Carrie Hoeger,Perú,Deportes,FALSE,9,10,2978,1.2424445936870383,33.34360554699538,Bajo,0.018
392,USR0134,jedediahmurray0134,Jedediah Murray,Bolivia,Deportes,FALSE,9,5,3174,1.1342155009451795,31.491525423728817,Bajo,0.018
393,USR0588,vernaschmitt0588,Verna Schmitt,Argentina,Educación,FALSE,8,6,2277,1.3614404918752745,27.6979969183359,Bajo,0.018
394,USR0105,odamaggio0105,Oda Maggio,Colombia,Gastronomía,FALSE,8,11,4451,1.95461694001348,49.1402157164869,Medio,0.016
395,USR0417,drplumasanford0417,Dr. Pluma Sanford,Colombia,Educación,FALSE,7,8,3890,1.6709511568123394,46.27118644067797,Medio,0.016
396,USR0027,darcibashirian0027,Darci Bashirian-Murray,Bolivia,Deportes,FALSE,8,10,5008,1.4776357827476039,40.674884437596305,Medio,0.016
397,USR0500,breeparisiandv0500,Bree Parisian DVM,Bolivia,Viajes,FALSE,3,10,4298,1.582131223825035,36.65639445300462,Bajo,0.016
398,USR0412,arianelubowitz0412,Ariane Lubowitz,Colombia,Educación,FALSE,5,12,4308,1.392757660167131,30.305084745762713,Bajo,0.016
399,USR0200,verlinkemmerzi0200,Verlin Kemmer-Ziemann,Chile,Gastronomía,FALSE,3,7,2762,1.3034033309196236,24.335901386748844,Bajo,0.016
400,USR0062,hilaryokuneva0062,Hilary Okuneva,Bolivia,Deportes,FALSE,6,9,2986,1.1386470194239786,23.303543913713405,Bajo,0.016
401,USR0282,idamaeoconner0282,Idamae O'Conner,Bolivia,Deportes,FALSE,9,1,67,1.492537313432836,22.634822804314332,Bajo,0.016
402,USR0484,orlandopredovi0484,Orlando Predovic,Argentina,Viajes,TRUE,12,6,3449,1.2177442737025224,51.5346687211094,Medio,0.014
403,USR0077,danielblick0077,Daniel Blick,Bolivia,Viajes,FALSE,8,24,9505,1.609679116254603,50.91525423728813,Medio,0.014
404,USR0066,edithbeattydds0066,Edith Beatty DDS,Bolivia,Educación,FALSE,12,6,1727,1.7371163867979154,47.73497688751927,Medio,0.014
405,USR0051,eloisebradtke0051,Eloise Bradtke,Bolivia,Moda,TRUE,12,1,719,1.2517385257301807,34.30816640986133,Bajo,0.014
406,USR0420,amadoschuster0420,Amado Schuster,Bolivia,Educación,FALSE,6,8,6219,0.9969448464383341,33.543913713405246,Bajo,0.014
407,USR0120,jeramieoconner0120,Jeramie O'Conner,Argentina,Viajes,FALSE,10,6,1636,1.528117359413203,32.97996918335902,Bajo,0.014
408,USR0037,maudkuphal0037,Maud Kuphal,Bolivia,Tecnología,FALSE,4,2,809,1.3597033374536465,13.953775038520803,Bajo,0.014
409,USR0227,hustonbahringe0227,Huston Bahringer,Chile,Deportes,FALSE,3,19,3946,2.1033958438925495,39.59013867488444,Medio,0.012
410,USR0507,lemonvandervor0507,Lemon Vandervort,Bolivia,Educación,FALSE,9,3,1102,1.5426497277676952,33.45762711864407,Bajo,0.012
411,USR0286,tyreemiller0286,Tyree Miller,Colombia,Viajes,FALSE,9,8,1674,1.7323775388291518,31.815100154083208,Bajo,0.012
412,USR0350,lucinaprosacco0350,Lucina Prosacco,Perú,Moda,FALSE,5,9,3362,1.3979773944080904,30.064714946070875,Bajo,0.012
413,USR0316,isabelaschmele0316,Isabela Schmeler,Bolivia,Moda,FALSE,9,13,2814,1.3148542999289268,28.884437596302003,Bajo,0.012
414,USR0333,anibaldurgan0333,Anibal Durgan,Perú,Educación,FALSE,7,7,2342,1.1528608027327072,21.68567026194145,Bajo,0.012
415,USR0518,eliawest0518,Elia West,Bolivia,Viajes,FALSE,7,4,747,1.4725568942436413,17.765793528505395,Bajo,0.012
416,USR0020,presleynolan0020,Presley Nolan,Bolivia,Viajes,TRUE,13,5,3337,1.2885825591848965,52.83821263482281,Medio,0.01
417,USR0223,enricogreenfel0223,Enrico Greenfelder,Argentina,Tecnología,FALSE,7,9,2978,2.216252518468771,46.46841294298921,Medio,0.01
418,USR0109,nolaborer0109,Nola Borer,Bolivia,Educación,FALSE,10,6,1644,1.5206812652068127,36.523882896764256,Bajo,0.01
419,USR0002,danelleromague0002,Danelle Romaguera,Argentina,Gastronomía,FALSE,14,4,1480,1.4189189189189189,35.85824345146379,Bajo,0.01
420,USR0230,pryorlittlecum0230,Pryor Little-Cummings,Chile,Deportes,FALSE,8,2,1774,1.1273957158962795,31.47919876733436,Bajo,0.01
421,USR0033,dralzinaabshir0033,Dr. Alzina Abshire PhD,Argentina,Moda,FALSE,9,5,1789,1.285634432643935,25.784283513097073,Bajo,0.01
422,USR0595,jarredrunolfsd0595,Jarred Runolfsdottir,Perú,Viajes,FALSE,6,7,3536,1.2160633484162895,25.534668721109398,Bajo,0.01
423,USR0242,estrellareiche0242,Estrella Reichert,Bolivia,Moda,FALSE,4,13,3582,1.340033500837521,24.979969183359014,Bajo,0.01
424,USR0061,jerrellstokesk0061,Jerrell Stokes-Kris,Colombia,Educación,FALSE,7,4,837,1.5531660692951015,22.351309707241914,Bajo,0.01
425,USR0486,mrearnestschul0486,Mr. Earnest Schultz,Bolivia,Gastronomía,FALSE,7,5,1066,1.4071294559099436,21.1864406779661,Bajo,0.01
426,USR0383,gerrythiel0383,Gerry Thiel,Bolivia,Viajes,FALSE,1,7,3345,1.0762331838565022,20.070878274268107,Bajo,0.01
427,USR0496,droranhomenick0496,Dr. Oran Homenick DVM,Bolivia,Gastronomía,FALSE,8,6,1745,2.177650429799427,43.61787365177195,Medio,0.008
428,USR0015,hollisraui0015,Hollis Rau I,Perú,Tecnología,FALSE,7,12,5842,1.4720985963711057,42.9768875192604,Medio,0.008
429,USR0208,brittaniedare0208,Brittanie Dare,Argentina,Educación,FALSE,10,6,3489,1.0604757810260819,40.51463790446841,Medio,0.008
430,USR0546,kiyoshistiedem0546,Kiyoshi Stiedemann,Perú,Moda,FALSE,13,4,1067,1.3120899718837864,36.45300462249615,Bajo,0.008
431,USR0550,dontapaucek0550,Donta Paucek,Bolivia,Educación,FALSE,7,7,2416,1.6556291390728477,35.4637904468413,Bajo,0.008
432,USR0503,kirkwitting0503,Kirk Witting,Colombia,Deportes,FALSE,4,17,4759,1.6600126076906914,35.312788906009246,Bajo,0.008
433,USR0315,erasmusbayer0315,Erasmus Bayer,Bolivia,Gastronomía,FALSE,8,8,3276,1.465201465201465,33.42989214175655,Bajo,0.008
434,USR0474,merilynhackett0474,Merilyn Hackett,Chile,Tecnología,TRUE,12,3,1417,0.9880028228652082,33.08474576271186,Bajo,0.008
435,USR0293,arianapollich0293,Ariana Pollich,Perú,Educación,FALSE,11,6,1418,1.3399153737658673,31.506933744221882,Bajo,0.008
436,USR0052,mikaldamore0052,Mikal D'Amore,Chile,Tecnología,FALSE,6,8,3379,1.361349511689849,30.95531587057011,Bajo,0.008
437,USR0441,chiptreutel0441,Chip Treutel,Bolivia,Viajes,FALSE,9,4,1190,1.596638655462185,30.098613251155626,Bajo,0.008
438,USR0428,andyohara0428,Andy O'Hara,Bolivia,Educación,FALSE,4,5,2152,1.3011152416356877,28.557781201848996,Bajo,0.008
439,USR0281,donitalabadiep0281,Donita Labadie PhD,Perú,Gastronomía,FALSE,6,6,900,2.2222222222222223,28.033898305084747,Bajo,0.008
440,USR0322,liamcummings0322,Liam Cummings,Chile,Gastronomía,FALSE,13,3,1049,1.1439466158245948,26.573189522342066,Bajo,0.008
441,USR0252,misssablehickl0252,Miss Sable Hickle,Colombia,Moda,FALSE,7,6,1381,1.3758146270818248,19.901386748844377,Bajo,0.008
442,USR0612,kordellschowal0612,Kordell Schowalter,Perú,Educación,FALSE,14,0,0,0,18.033898305084747,Bajo,0.008
443,USR0012,shaylaoreillyp0012,Shayla O'Reilly-Parker,Bolivia,Moda,FALSE,2,7,1119,1.6085790884718498,17.093990755007702,Bajo,0.008
444,USR0626,toyaoconnell0626,Toya O'Connell,Perú,Tecnología,FALSE,10,0,0,0,11.950693374422189,Bajo,0.008
445,USR0392,lukasdoyle0392,Lukas Doyle,Bolivia,Tecnología,FALSE,3,6,1581,1.0120177103099304,11.436055469953777,Bajo,0.008
446,USR0570,drtroyblock0570,Dr. Troy Block,Chile,Educación,FALSE,13,3,3675,0.8707482993197279,48.09553158705702,Medio,0.006
447,USR0211,franklintreute0211,Franklin Treutel,Argentina,Moda,FALSE,7,13,3660,1.8032786885245902,43.30970724191063,Medio,0.006
448,USR0580,jobehahn0580,Jobe Hahn,Bolivia,Viajes,FALSE,8,11,2813,1.8130110202630643,41.781201848998464,Medio,0.006
449,USR0335,leslieschimmel0335,Leslie Schimmel,Perú,Gastronomía,FALSE,5,14,5323,1.5780574863798609,41.152542372881356,Medio,0.006
450,USR0125,calmosciski0125,Cal Mosciski,Colombia,Tecnología,FALSE,6,9,4283,1.5176278309596078,40.56702619414484,Medio,0.006
451,USR0324,drethenmcclure0324,Dr. Ethen McClure II,Argentina,Deportes,FALSE,7,5,2699,1.7413856984068175,39.7442218798151,Medio,0.006
452,USR0591,ivorveumturner0591,Ivor Veum-Turner,Colombia,Tecnología,FALSE,10,6,2550,1.3333333333333333,35.73497688751927,Bajo,0.006
453,USR0405,misssilviamaye0405,Miss Silvia Mayert,Chile,Viajes,FALSE,4,13,5278,1.5536187949981053,35.42681047765793,Bajo,0.006
454,USR0091,brileylang0091,Briley Lang,Bolivia,Deportes,TRUE,11,4,1261,1.3481363996827915,35.09707241910631,Bajo,0.006
455,USR0443,autumnjonesber0443,Autumn Jones-Bernhard,Bolivia,Gastronomía,FALSE,8,9,2262,1.856763925729443,34.95531587057011,Bajo,0.006
456,USR0566,mrelishahirthe0566,Mr. Elisha Hirthe III,Bolivia,Tecnología,FALSE,8,8,2096,1.6221374045801527,34.64714946070878,Bajo,0.006
457,USR0092,amarimayert0092,Amari Mayert,Bolivia,Deportes,FALSE,3,10,3463,1.6170950043315044,34.60092449922958,Bajo,0.006
458,USR0611,dondretromp0611,Dondre Tromp,Bolivia,Viajes,FALSE,7,14,2730,1.8315018315018314,34.54545454545455,Bajo,0.006
459,USR0394,jackbinsdds0394,Jack Bins DDS,Argentina,Educación,FALSE,7,5,1806,1.3842746400885935,33.2788906009245,Bajo,0.006
460,USR0391,marjorybernier0391,Marjory Bernier,Argentina,Tecnología,FALSE,6,9,2356,1.9524617996604414,32.92141756548536,Bajo,0.006
461,USR0536,coltromaguera0536,Colt Romaguera,Bolivia,Educación,FALSE,5,10,2549,1.7653981953707336,32.55161787365177,Bajo,0.006
462,USR0332,tisadicki0332,Tisa Dicki,Bolivia,Moda,FALSE,5,12,3626,1.6271373414230557,32.35130970724191,Bajo,0.006
463,USR0416,ronstiedemann0416,Ron Stiedemann,Bolivia,Tecnología,FALSE,12,6,1469,1.3614703880190606,31.892141756548536,Bajo,0.006
464,USR0263,trevadach0263,Treva Dach,Perú,Gastronomía,FALSE,6,9,3334,1.289742051589682,30.884437596302007,Bajo,0.006
465,USR0511,kittybeckerrun0511,Kitty Becker-Runte,Colombia,Tecnología,FALSE,12,1,651,1.228878648233487,30.536209553158706,Bajo,0.006
466,USR0030,norettarowe0030,Noretta Rowe,Bolivia,Deportes,FALSE,5,7,2374,1.6006739679865207,30.52388289676425,Bajo,0.006
467,USR0388,darryllbeier0388,Darryll Beier,Argentina,Deportes,FALSE,8,6,1559,1.667735728030789,30.03081664098613,Bajo,0.006
468,USR0464,windellankundi0464,Windell Ankunding,Chile,Viajes,FALSE,4,14,4215,1.5183867141162515,29.661016949152547,Bajo,0.006
469,USR0634,mrssonjiruntem0634,Mrs. Sonji Runte MD,Perú,Educación,FALSE,8,2,1313,1.0662604722010662,29.066255778120187,Bajo,0.006
470,USR0434,veldawisozkpau0434,Velda Wisozk-Paucek,Chile,Tecnología,FALSE,3,8,1755,1.8803418803418803,28.154083204930664,Bajo,0.006
471,USR0424,byronmayert0424,Byron Mayert,Perú,Moda,FALSE,7,5,2150,0.9767441860465116,27.023112480739602,Bajo,0.006
472,USR0557,breannjerdemd0557,Breann Jerde MD,Bolivia,Tecnología,FALSE,2,8,3268,1.346389228886169,25.3251155624037,Bajo,0.006
473,USR0540,akeelahbuckrid0540,Akeelah Buckridge-Hintz,Chile,Gastronomía,FALSE,3,9,3014,1.4930325149303252,24.178736517719564,Bajo,0.006
474,USR0643,gundabruenkuhl0643,Gunda Bruen-Kuhlman,Bolivia,Viajes,FALSE,5,6,1177,1.8691588785046729,23.793528505392914,Bajo,0.006
475,USR0039,leroywolf0039,Leroy Wolf,Bolivia,Moda,FALSE,2,12,2132,1.7354596622889307,23.4884437596302,Bajo,0.006
476,USR0363,misslethiakuph0363,Miss Lethia Kuphal,Chile,Educación,FALSE,3,8,3160,1.4240506329113924,23.189522342064713,Bajo,0.006
477,USR0514,ernstnicolas0514,Ernst Nicolas,Argentina,Educación,FALSE,4,8,1234,1.6207455429497568,22.00924499229584,Bajo,0.006
478,USR0344,donaldtrompv0344,Donald Tromp V,Colombia,Moda,FALSE,6,8,1497,1.6032064128256514,21.479198767334363,Bajo,0.006
479,USR0182,droffieschoenj0182,Dr. Offie Schoen Jr.,Bolivia,Educación,FALSE,4,4,991,1.6145307769929365,20.576271186440678,Bajo,0.006
480,USR0415,missshilohcork0415,Miss Shiloh Corkery MD,Argentina,Viajes,FALSE,5,2,122,1.639344262295082,15.14637904468413,Bajo,0.006
481,USR0418,bonitasauer0418,Bonita Sauer,Bolivia,Viajes,FALSE,9,4,771,1.0376134889753568,14.73959938366718,Bajo,0.006
482,USR0467,drwaldemarlind0467,Dr. Waldemar Lind,Bolivia,Gastronomía,FALSE,3,6,1134,1.4991181657848325,13.580893682588599,Bajo,0.006
483,USR0330,mrdemetriklock0330,Mr. Demetri Klocko MD,Bolivia,Tecnología,FALSE,4,4,963,1.3499480789200415,11.297380585516178,Bajo,0.006
484,USR0426,brisawelch0426,Brisa Welch,Colombia,Viajes,FALSE,8,7,2982,1.8108651911468814,47.07550077041602,Medio,0.004
485,USR0259,msjadenjakubow0259,Ms. Jaden Jakubowski,Colombia,Gastronomía,FALSE,8,9,1662,2.948255114320096,45.038520801232664,Medio,0.004
486,USR0451,sophiahuelsdan0451,Sophia Huels-Daniel,Bolivia,Educación,FALSE,8,6,2397,1.7104714226115978,44.95531587057011,Medio,0.004
487,USR0298,alishabreitenb0298,Alisha Breitenberg,Argentina,Moda,FALSE,6,8,3239,2.037665946279716,44.89368258859784,Medio,0.004
488,USR0649,dellabednar0649,Della Bednar,Perú,Educación,FALSE,8,13,3065,2.088091353996737,44.0924499229584,Medio,0.004
489,USR0082,tatiahane0082,Tatia Hane,Bolivia,Tecnología,FALSE,8,13,2862,2.026554856743536,42,Medio,0.004
490,USR0646,micaylamohr0646,Micayla Mohr,Perú,Educación,FALSE,8,4,2117,1.7949929145016532,41.56240369799692,Medio,0.004
491,USR0620,doloriskunzebe0620,Doloris Kunze-Beahan,Chile,Viajes,FALSE,7,1,452,2.433628318584071,40.45608628659476,Medio,0.004
492,USR0172,daralesch0172,Dara Lesch,Bolivia,Gastronomía,FALSE,7,8,1782,2.6936026936026938,40.132511556240374,Medio,0.004
493,USR0432,dariondietrich0432,Darion Dietrich,Argentina,Moda,FALSE,6,12,3497,1.6871604232199027,37.537750385208014,Medio,0.004
494,USR0520,drbetteziemann0520,Dr. Bette Ziemann PhD,Argentina,Deportes,FALSE,3,16,5326,1.5771686068343973,37.03543913713405,Medio,0.004
495,USR0301,kadenbatz0301,Kaden Batz,Perú,Moda,FALSE,6,5,2017,1.6360932077342587,36.526964560862865,Bajo,0.004
496,USR0345,msophalebsack0345,Ms. Opha Lebsack,Argentina,Educación,FALSE,4,11,2146,2.2833178005591797,36.20338983050848,Bajo,0.004
497,USR0168,melvinbruen0168,Melvin Bruen,Argentina,Deportes,FALSE,5,13,2301,2.824858757062147,36.18181818181818,Bajo,0.004
498,USR0365,randywyman0365,Randy Wyman,Colombia,Moda,FALSE,6,8,2204,1.8602540834845736,35.70107858243452,Bajo,0.004
499,USR0145,bertaryan0145,Berta Ryan,Perú,Moda,FALSE,8,7,2174,1.609935602575897,35.54083204930662,Bajo,0.004
500,USR0380,crystawhite0380,Crysta White,Bolivia,Deportes,FALSE,2,16,3405,2.1439060205580027,35.28813559322034,Bajo,0.004
501,USR0551,drjoslynreiche0551,Dr. Joslyn Reichert MD,Colombia,Tecnología,FALSE,10,6,2447,1.2259910093992643,33.759630200308166,Bajo,0.004
502,USR0597,leandrogrimes0597,Leandro Grimes,Argentina,Tecnología,FALSE,6,10,1804,1.9401330376940134,33.51001540832049,Bajo,0.004
503,USR0094,mervynpfeffer0094,Mervyn Pfeffer,Argentina,Tecnología,FALSE,5,13,3152,1.6814720812182742,31.37442218798151,Bajo,0.004
504,USR0387,terencegoodwin0387,Terence Goodwin,Chile,Deportes,FALSE,6,3,3187,0.8471917163476623,31.093990755007706,Bajo,0.004
505,USR0023,drdaviangoyett0023,Dr. Davian Goyette III,Argentina,Viajes,FALSE,5,10,2229,1.8393898609241812,30.733436055469955,Bajo,0.004
506,USR0031,buelkiehn0031,Buel Kiehn,Colombia,Viajes,FALSE,3,6,1229,2.3596419853539463,30.36671802773498,Bajo,0.004
507,USR0435,evelynhilpert0435,Evelyn Hilpert,Bolivia,Tecnología,FALSE,2,1,154,3.896103896103896,29.824345146379045,Bajo,0.004
508,USR0545,rosendolarkin0545,Rosendo Larkin,Bolivia,Deportes,FALSE,9,1,468,1.2820512820512822,29.41448382126348,Bajo,0.004
509,USR0329,ireneswaniawsk0329,Irene Swaniawski,Chile,Deportes,FALSE,2,8,1575,2.2857142857142856,29.029275808936827,Bajo,0.004
510,USR0577,fullersauer0577,Fuller Sauer,Bolivia,Viajes,FALSE,5,5,1467,2.044989775051125,28.517719568567024,Bajo,0.004
511,USR0501,christeenbaumb0501,Christeen Baumbach,Chile,Tecnología,FALSE,4,20,3269,1.6518813092688895,28.141756548536208,Bajo,0.004
512,USR0280,drcaslefflerph0280,Dr. Cas Leffler PhD,Colombia,Viajes,FALSE,11,5,1362,1.2481644640234948,28.070878274268107,Bajo,0.004
513,USR0248,drmalissieleff0248,Dr. Malissie Leffler,Bolivia,Educación,FALSE,3,9,1574,2.0330368487928845,27.46687211093991,Bajo,0.004
514,USR0098,cathrynaltenwe0098,Cathryn Altenwerth,Chile,Educación,FALSE,6,7,2172,1.4732965009208103,26.570107858243446,Bajo,0.004
515,USR0019,georgenemraz0019,Georgene Mraz,Bolivia,Deportes,FALSE,5,7,1229,2.034174125305126,25.91679506933744,Bajo,0.004
516,USR0635,julisablock0635,Julisa Block,Perú,Moda,FALSE,3,6,1243,2.252614641995173,25.89830508474576,Bajo,0.004
517,USR0312,mrdijonfeestmd0312,Mr. Dijon Feest MD,Bolivia,Gastronomía,FALSE,8,6,1485,1.6161616161616161,25.799691833590146,Bajo,0.004
518,USR0310,arrarosenbaumd0310,Arra Rosenbaum DVM,Perú,Moda,FALSE,4,10,1347,2.078693392724573,24.87827426810478,Bajo,0.004
519,USR0401,elderwalshdamo0401,Elder Walsh-D'Amore,Bolivia,Viajes,FALSE,3,5,1524,1.7060367454068242,24.64406779661017,Bajo,0.004
520,USR0297,trinidadwucker0297,Trinidad Wuckert,Argentina,Educación,FALSE,9,4,1753,1.2549914432401597,24.61325115562404,Bajo,0.004
521,USR0367,halekuhic0367,Hale Kuhic,Chile,Deportes,FALSE,5,7,1904,1.680672268907563,24.305084745762713,Bajo,0.004
522,USR0107,finleyhowelldv0107,Finley Howell DVM,Bolivia,Gastronomía,FALSE,6,5,928,1.6163793103448276,24.09553158705701,Bajo,0.004
523,USR0510,luannefeilwilk0510,Luanne Feil-Wilkinson,Bolivia,Gastronomía,FALSE,6,6,2563,1.2875536480686696,23.879815100154083,Bajo,0.004
524,USR0074,drkaelveummd0074,Dr. Kael Veum MD,Colombia,Moda,FALSE,5,6,1616,1.6707920792079207,23.439137134052388,Bajo,0.004
525,USR0238,ashantishanaha0238,Ashanti Shanahan,Bolivia,Tecnología,FALSE,6,8,923,1.8418201516793067,22.90909090909091,Bajo,0.004
526,USR0143,mrdillonmraziv0143,Mr. Dillon Mraz IV,Perú,Deportes,FALSE,2,12,2561,1.6009371339320577,22.714946070878277,Bajo,0.004
527,USR0539,arnegleichner0539,Arne Gleichner,Argentina,Gastronomía,FALSE,5,7,1937,1.4455343314403717,22.391371340523882,Bajo,0.004
528,USR0376,rosinagulgowsk0376,Rosina Gulgowski DVM,Argentina,Viajes,FALSE,5,5,1089,1.6528925619834711,21.633281972265024,Bajo,0.004
529,USR0529,barriemcdermot0529,Barrie McDermott,Perú,Moda,FALSE,6,4,1130,1.5044247787610618,18.391371340523882,Bajo,0.004
530,USR0554,alvirabarrows0554,Alvira Barrows,Bolivia,Tecnología,FALSE,8,3,1294,1.0046367851622875,16.536209553158706,Bajo,0.004
531,USR0032,dentonpfanners0032,Denton Pfannerstill,Bolivia,Gastronomía,FALSE,8,2,430,1.3953488372093024,15.929121725731896,Bajo,0.004
532,USR0174,malerolfson0174,Male Rolfson,Bolivia,Deportes,FALSE,2,7,1835,1.2534059945504088,13.929121725731896,Bajo,0.004
533,USR0226,rancejakubowsk0226,Rance Jakubowski,Perú,Gastronomía,FALSE,4,5,1584,1.0732323232323233,11.651771956856702,Bajo,0.004
534,USR0471,mrerniehills0471,Mr. Ernie Hills,Perú,Educación,FALSE,5,11,3692,1.9501625135427951,47.494607087827426,Medio,0.002
535,USR0477,infanttorphy0477,Infant Torphy,Chile,Tecnología,FALSE,8,11,3575,1.7062937062937062,43.43297380585516,Medio,0.002
536,USR0278,mrbryonhilllv0278,Mr. Bryon Hilll V,Perú,Moda,FALSE,8,4,1860,1.8279569892473118,43.02619414483821,Medio,0.002
537,USR0186,huystehr0186,Huy Stehr,Perú,Tecnología,FALSE,8,5,1758,2.218430034129693,42.50847457627119,Medio,0.002
538,USR0615,teresaborer0615,Teresa Borer,Bolivia,Moda,FALSE,6,7,2946,1.7651052274270196,42.24345146379044,Medio,0.002
539,USR0596,jayschuppe0596,Jay Schuppe,Colombia,Viajes,FALSE,7,8,2925,1.7435897435897436,42.04006163328197,Medio,0.002
540,USR0468,mrsdanyelmclau0468,Mrs. Danyel McLaughlin,Chile,Viajes,FALSE,6,8,2813,1.9552079630287948,42.03389830508475,Medio,0.002
541,USR0253,marthakeeling0253,Martha Keeling,Chile,Gastronomía,FALSE,4,14,2984,2.278820375335121,41.386748844375965,Medio,0.002
542,USR0364,hadenconnellym0364,Haden Connelly MD,Colombia,Educación,FALSE,3,5,1603,3.056768558951965,41.100154083204934,Medio,0.002
543,USR0070,alvinjohnson0070,Alvin Johnson,Perú,Gastronomía,FALSE,7,3,2002,1.7482517482517483,40.822804314329744,Medio,0.002
544,USR0170,glendafahey0170,Glenda Fahey,Colombia,Moda,FALSE,7,11,3638,1.6767454645409565,40.6502311248074,Medio,0.002
545,USR0190,carlostorp0190,Carlos Torp,Bolivia,Deportes,FALSE,7,9,2309,2.122130792550888,40.64098613251156,Medio,0.002
546,USR0180,domenicojaskol0180,Domenico Jaskolski-Walsh,Perú,Gastronomía,FALSE,8,11,3060,1.8300653594771241,40.28659476117104,Medio,0.002
547,USR0119,kenyastrosin0119,Kenya Strosin,Colombia,Tecnología,FALSE,4,9,2219,2.658855340243353,40.01540832049307,Medio,0.002
548,USR0402,eloyschuppe0402,Eloy Schuppe,Argentina,Gastronomía,FALSE,7,12,2220,2.2522522522522523,39.89214175654853,Medio,0.002
549,USR0024,mslisarutherfo0024,Ms. Lisa Rutherford MD,Chile,Gastronomía,FALSE,7,5,2746,1.4202476329206117,38.66872110939907,Medio,0.002
550,USR0276,cynthapfanners0276,Cyntha Pfannerstill,Bolivia,Tecnología,FALSE,7,8,2171,1.9806540764624596,37.2326656394453,Medio,0.002
551,USR0480,deandrehilpert0480,Deandre Hilpert,Bolivia,Moda,FALSE,6,10,3568,1.6255605381165918,36.07704160246533,Bajo,0.002
552,USR0249,brookconnellyd0249,Brook Connelly DVM,Perú,Gastronomía,FALSE,8,10,1957,1.7884517118037813,35.96918335901387,Bajo,0.002
553,USR0199,oziekerluke0199,Ozie Kerluke,Bolivia,Tecnología,FALSE,6,11,3027,1.7509084902543772,35.963020030816644,Bajo,0.002
554,USR0043,eusebiowitting0043,Eusebio Witting,Bolivia,Tecnología,FALSE,7,5,919,2.50272034820457,35.70107858243451,Bajo,0.002
555,USR0021,sampsonullrich0021,Sampson Ullrich,Bolivia,Educación,FALSE,5,21,4879,1.680672268907563,35.28813559322034,Bajo,0.002
556,USR0499,denniejones0499,Dennie Jones,Chile,Deportes,FALSE,8,10,3031,1.5506433520290333,34.93682588597843,Bajo,0.002
557,USR0448,rubinhudsondvm0448,Rubin Hudson DVM,Bolivia,Viajes,FALSE,7,13,2470,1.94331983805668,34.81972265023113,Bajo,0.002
558,USR0222,silvesterdoole0222,Silvester Dooley,Bolivia,Deportes,FALSE,5,6,2031,1.7232890201870998,34.10785824345146,Bajo,0.002
559,USR0629,damionkuhic0629,Damion Kuhic,Colombia,Moda,FALSE,6,10,1823,2.35874931431706,34.07395993836672,Bajo,0.002
560,USR0299,anicebatz0299,Anice Batz,Colombia,Viajes,FALSE,5,8,1843,2.1161150298426477,34.061633281972256,Bajo,0.002
561,USR0374,maynardwalter0374,Maynard Walter,Chile,Tecnología,FALSE,6,12,2016,1.9345238095238095,33.61787365177196,Bajo,0.002
562,USR0357,clevaswaniawsk0357,Cleva Swaniawski,Perú,Moda,FALSE,6,10,3140,1.6878980891719746,33.315870570107855,Bajo,0.002
563,USR0192,felicityarmstr0192,Felicity Armstrong,Colombia,Educación,FALSE,8,5,915,2.185792349726776,33.30970724191064,Bajo,0.002
564,USR0156,clariceruecker0156,Clarice Ruecker,Bolivia,Tecnología,FALSE,6,11,2688,1.7113095238095237,32.96764252696456,Bajo,0.002
565,USR0140,erlindanaderdd0140,Erlinda Nader DDS,Colombia,Moda,FALSE,8,5,606,2.4752475247524752,32.81972265023112,Bajo,0.002
566,USR0485,carycruickshan0485,Cary Cruickshank MD,Bolivia,Deportes,FALSE,3,16,3086,1.9766688269604666,32.804314329738055,Bajo,0.002
567,USR0147,droctaviocrook0147,Dr. Octavio Crooks DDS,Bolivia,Deportes,FALSE,8,3,600,3.1666666666666665,32.19106317411402,Bajo,0.002
568,USR0642,saritacrooks0642,Sarita Crooks,Argentina,Tecnología,FALSE,8,6,1804,1.6629711751662972,32.00924499229584,Bajo,0.002
569,USR0561,drbowisozkdds0561,Dr. Bo Wisozk DDS,Chile,Viajes,FALSE,5,8,1774,1.9729425028184893,31.981510015408322,Bajo,0.002
570,USR0257,kendellheidenr0257,Kendell Heidenreich,Argentina,Educación,FALSE,6,7,1168,2.5684931506849313,31.775038520801235,Bajo,0.002
571,USR0151,sharynfriesen0151,Sharyn Friesen,Colombia,Gastronomía,FALSE,8,8,1127,2.218278615794144,31.577812018489986,Bajo,0.002
572,USR0131,msdoraschmeler0131,Ms. Dora Schmeler,Argentina,Moda,FALSE,5,9,2186,1.9213174748398902,30.96764252696456,Bajo,0.002
573,USR0431,khloeprice0431,Khloe Price,Bolivia,Gastronomía,FALSE,6,7,2085,1.7266187050359711,30.745762711864405,Bajo,0.002
574,USR0234,wintonbartolet0234,Winton Bartoletti,Colombia,Moda,FALSE,7,6,1066,2.345215759849906,30.126348228043142,Bajo,0.002
575,USR0534,dawnakuhic0534,Dawna Kuhic,Argentina,Viajes,FALSE,7,4,733,2.319236016371078,30.12326656394453,Bajo,0.002
576,USR0194,genamorar0194,Gena Morar,Argentina,Viajes,FALSE,5,4,913,2.190580503833516,29.996918335901384,Bajo,0.002
577,USR0648,glennschmeler0648,Glenn Schmeler,Bolivia,Gastronomía,FALSE,3,9,2407,1.7449106771915248,29.6979969183359,Bajo,0.002
578,USR0587,hannadooley0587,Hanna Dooley,Bolivia,Viajes,FALSE,6,8,1087,2.5758969641214353,29.442218798151004,Bajo,0.002
579,USR0111,katerinadenesi0111,Katerina Denesik,Argentina,Viajes,FALSE,6,10,2173,1.6106764841233319,28.81972265023112,Bajo,0.002
580,USR0243,mrsmichellezie0243,Mrs. Michelle Zieme,Bolivia,Educación,FALSE,4,7,1424,2.247191011235955,28.545454545454547,Bajo,0.002
581,USR0110,bufordlindgren0110,Buford Lindgren,Chile,Tecnología,FALSE,5,11,1562,2.176696542893726,28.311248073959938,Bajo,0.002
582,USR0436,msluciafeeney0436,Ms. Lucia Feeney,Argentina,Tecnología,FALSE,6,7,1047,1.9102196752626552,28.184899845916796,Bajo,0.002
583,USR0358,kennardhueliii0358,Kennard Huel III,Argentina,Moda,FALSE,4,7,1299,2.3094688221709005,26.567026194144837,Bajo,0.002
584,USR0266,tamikovon0266,Tamiko Von,Perú,Viajes,FALSE,4,5,1689,1.7169923031379515,26.5115562403698,Bajo,0.002
585,USR0627,mrsmarybethgri0627,Mrs. Marybeth Grimes,Perú,Viajes,FALSE,5,8,1061,2.35626767200754,26.446841294298927,Bajo,0.002
586,USR0571,aryanaharber0571,Aryana Harber,Colombia,Moda,FALSE,6,5,1062,1.9774011299435028,25.719568567026197,Bajo,0.002
587,USR0202,gainesmetz0202,Gaines Metz,Argentina,Viajes,FALSE,6,4,576,2.0833333333333335,25.62095531587057,Bajo,0.002
588,USR0090,mariowillmsiv0090,Mario Willms IV,Perú,Moda,FALSE,5,1,68,4.411764705882353,25.15870570107858,Bajo,0.002
589,USR0618,drlucamiller0618,Dr. Luca Miller,Bolivia,Deportes,FALSE,5,9,3208,1.371571072319202,25.02927580893683,Bajo,0.002
590,USR0056,maudiemuller0056,Maudie Muller,Colombia,Gastronomía,FALSE,3,4,570,1.9298245614035088,24.85053929121726,Bajo,0.002
591,USR0053,kylahconnelly0053,Kylah Connelly,Argentina,Viajes,FALSE,8,2,738,1.3550135501355014,24.403697996918332,Bajo,0.002
592,USR0382,rainafunkfeest0382,Raina Funk-Feest,Argentina,Viajes,FALSE,4,4,1207,1.8227009113504558,23.919876733436055,Bajo,0.002
593,USR0101,viviennestrack0101,Vivienne Stracke PhD,Perú,Educación,FALSE,5,1,182,2.197802197802198,23.630200308166412,Bajo,0.002
594,USR0311,harriettekreig0311,Harriette Kreiger-Bernier,Colombia,Deportes,FALSE,5,4,1630,1.2883435582822085,22.126348228043145,Bajo,0.002
595,USR0072,darryrippin0072,Darry Rippin,Chile,Educación,FALSE,2,5,1512,1.6534391534391535,20.631741140215716,Bajo,0.002
596,USR0373,lusterhintzmd0373,Luster Hintz MD,Bolivia,Viajes,FALSE,7,1,71,1.408450704225352,19.704160246533128,Bajo,0.002
597,USR0034,nallelysimonis0034,Nallely Simonis,Bolivia,Tecnología,FALSE,6,1,529,1.3232514177693762,19.432973805855163,Bajo,0.002
598,USR0095,duncantorphy0095,Duncan Torphy,Perú,Moda,FALSE,5,3,522,1.5325670498084292,17.778120184899844,Bajo,0.002
599,USR0408,mrgerhardtlind0408,Mr. Gerhardt Lindgren,Chile,Deportes,FALSE,7,2,1390,1.1510791366906474,16.092449922958394,Bajo,0.002
600,USR0590,natwunschv0590,Nat Wunsch V,Chile,Tecnología,FALSE,6,3,731,1.5047879616963065,15.208012326656394,Bajo,0.002
601,USR0300,missmirandasan0300,Miss Miranda Sanford MD,Argentina,Educación,FALSE,3,10,1358,1.5463917525773196,15.20493066255778,Bajo,0.002
602,USR0356,louannahilll0356,Louanna Hilll,Perú,Gastronomía,FALSE,3,4,747,1.606425702811245,13.42989214175655,Bajo,0.002
603,USR0229,tiannaspencer0229,Tianna Spencer,Bolivia,Educación,FALSE,6,0,0,0,4.400616332819723,Bajo,0.002
604,USR0633,drelmyrajohnso0633,Dr. Elmyra Johnson,Bolivia,Viajes,FALSE,8,15,3752,1.9722814498933903,48.83513097072419,Medio,0
605,USR0425,laurencemclaug0425,Laurence McLaughlin,Chile,Viajes,FALSE,7,13,2820,2.482269503546099,43.80585516178736,Medio,0
606,USR0489,gaylehuelklock0489,Gayle Huel-Klocko,Perú,Moda,FALSE,8,7,2487,1.7289907519099317,43.25115562403698,Medio,0
607,USR0528,msarliedavisph0528,Ms. Arlie Davis PhD,Bolivia,Moda,FALSE,8,5,1147,2.353966870095902,42.844375963020035,Medio,0
608,USR0355,genovevachrist0355,Genoveva Christiansen,Perú,Tecnología,FALSE,8,10,3786,1.4527205493924986,41.559322033898304,Medio,0
609,USR0274,ernafritsch0274,Erna Fritsch,Bolivia,Viajes,FALSE,7,9,1832,2.4563318777292578,41.03235747303543,Medio,0
610,USR0552,solomanokon0552,Soloman O'Kon,Perú,Deportes,FALSE,8,7,2466,1.70316301703163,40.631741140215716,Medio,0
611,USR0290,estebanmraz0290,Esteban Mraz,Colombia,Viajes,FALSE,7,8,2907,1.6855865153078775,39.87673343605547,Medio,0
612,USR0063,baileepollich0063,Bailee Pollich,Perú,Gastronomía,FALSE,7,4,1970,1.7258883248730965,39.654853620955315,Medio,0
613,USR0086,dralethaherman0086,Dr. Aletha Herman MD,Bolivia,Tecnología,FALSE,8,11,3407,1.5849721162312884,38.631741140215716,Medio,0
614,USR0390,garlandhauck0390,Garland Hauck,Bolivia,Viajes,FALSE,5,10,2818,1.8097941802696949,38.57318952234207,Medio,0
615,USR0018,ardithreinger0018,Ardith Reinger,Bolivia,Tecnología,FALSE,7,9,1835,2.23433242506812,38.12018489984592,Medio,0
616,USR0586,noliehoeger0586,Nolie Hoeger,Colombia,Deportes,FALSE,8,7,1862,1.7722878625134264,37.63944530046225,Medio,0
617,USR0409,tishiemillsdvm0409,Tishie Mills DVM,Argentina,Tecnología,FALSE,8,3,381,2.8871391076115485,35.83359013867488,Bajo,0
618,USR0176,drpleasantschm0176,Dr. Pleasant Schmitt,Colombia,Deportes,FALSE,7,8,3032,1.4511873350923483,35.69183359013867,Bajo,0
619,USR0169,joihintz0169,Joi Hintz,Colombia,Gastronomía,FALSE,6,3,965,2.4870466321243523,34.93374422187981,Bajo,0
620,USR0212,oraliapfeffer0212,Oralia Pfeffer,Perú,Viajes,FALSE,7,2,712,2.3876404494382024,34.91525423728813,Bajo,0
621,USR0399,dwaynebechtela0399,Dwayne Bechtelar,Bolivia,Gastronomía,FALSE,12,2,1141,1.1393514460999123,34.28967642526965,Bajo,0
622,USR0049,kendalroberts0049,Kendal Roberts,Bolivia,Deportes,FALSE,6,10,3649,1.644286105782406,33.40523882896764,Bajo,0
623,USR0102,clevalowe0102,Cleva Lowe,Perú,Educación,FALSE,4,9,1715,2.565597667638484,32.684129429892145,Bajo,0
624,USR0188,albakub0188,Alba Kub,Argentina,Viajes,FALSE,4,11,3341,1.7360071834780006,32.32973805855162,Bajo,0
625,USR0285,msmandihilpert0285,Ms. Mandi Hilpert,Chile,Gastronomía,FALSE,8,6,1559,1.539448364336113,32.12018489984592,Bajo,0
626,USR0323,eustacegreenfe0323,Eustace Greenfelder-Schowalter,Bolivia,Deportes,FALSE,7,7,1159,2.4158757549611733,31.5593220338983,Bajo,0
627,USR0456,winterkuphalmi0456,Winter Kuphal-Miller,Perú,Tecnología,FALSE,4,14,3415,1.6398243045387995,31.186440677966097,Bajo,0
628,USR0078,colonwitting0078,Colon Witting,Colombia,Deportes,FALSE,4,13,2960,1.7567567567567568,31.11864406779661,Bajo,0
629,USR0628,marcelinehoege0628,Marceline Hoeger DDS,Bolivia,Tecnología,FALSE,5,12,3720,1.4516129032258065,30.702619414483824,Bajo,0
630,USR0189,rashaandickens0189,Rashaan Dickens V,Chile,Gastronomía,FALSE,6,2,374,2.1390374331550803,30.622496147919875,Bajo,0
631,USR0472,chandabalistre0472,Chanda Balistreri,Bolivia,Gastronomía,FALSE,6,2,304,3.9473684210526314,30.412942989214176,Bajo,0
632,USR0191,mrtrystanferry0191,Mr. Trystan Ferry,Argentina,Tecnología,FALSE,2,8,1628,2.3341523341523343,29.65485362095532,Bajo,0
633,USR0636,keshiaabshire0636,Keshia Abshire,Colombia,Deportes,FALSE,6,8,1684,1.7814726840855106,28.705701078582436,Bajo,0
634,USR0203,mrgraylingweim0203,Mr. Grayling Weimann II,Perú,Viajes,FALSE,4,9,1229,3.0105777054515865,28.40986132511556,Bajo,0
635,USR0319,mrcrockettkoss0319,Mr. Crockett Koss,Colombia,Deportes,FALSE,7,1,81,2.4691358024691357,28.366718027734976,Bajo,0
636,USR0237,kadynveumdds0237,Kadyn Veum DDS,Colombia,Tecnología,FALSE,9,5,1713,1.2259194395796849,27.605546995377505,Bajo,0
637,USR0244,mrashtonharber0244,Mr. Ashton Harber,Chile,Deportes,FALSE,2,6,1676,1.7899761336515514,27.448382126348225,Bajo,0
638,USR0602,lennabernier0602,Lenna Bernier,Bolivia,Educación,FALSE,13,1,1669,0.8987417615338527,27.318952234206474,Bajo,0
639,USR0133,byrdconn0133,Byrd Conn,Bolivia,Viajes,FALSE,5,7,564,3.368794326241135,25.95069337442219,Bajo,0
640,USR0206,corimarvin0206,Cori Marvin,Bolivia,Deportes,FALSE,1,9,1226,2.2838499184339316,25.001540832049308,Bajo,0
641,USR0283,zhaneklingphd0283,Zhane Kling PhD,Bolivia,Educación,FALSE,2,6,1574,1.7789072426937738,24.07395993836672,Bajo,0
642,USR0419,mendymclaughli0419,Mendy McLaughlin-Aufderhar,Chile,Deportes,FALSE,2,3,1132,1.6784452296819787,23.667180277349768,Bajo,0
643,USR0532,russelwuckert0532,Russel Wuckert,Chile,Gastronomía,FALSE,6,1,1396,1.0744985673352436,22.600924499229585,Bajo,0
644,USR0007,antionesteuber0007,Antione Steuber,Bolivia,Tecnología,FALSE,5,5,763,1.9659239842726082,22.54853620955316,Bajo,0
645,USR0154,luisharris0154,Luis Harris,Perú,Moda,FALSE,4,7,868,2.0737327188940093,22.35747303543914,Bajo,0
646,USR0225,drantonettegra0225,Dr. Antonette Graham,Colombia,Viajes,FALSE,5,9,1927,1.4530358069538143,21.15562403697997,Bajo,0
647,USR0579,kelseybechtela0579,Kelsey Bechtelar,Bolivia,Tecnología,FALSE,4,6,1930,1.5544041450777202,20.93682588597843,Bajo,0
648,USR0553,debbrabode0553,Debbra Bode,Bolivia,Viajes,FALSE,11,4,802,0.9975062344139651,18.542372881355934,Bajo,0
649,USR0574,pandorabogisic0574,Pandora Bogisich,Bolivia,Viajes,FALSE,4,4,1460,0.821917808219178,16.674884437596305,Bajo,0
650,USR0524,hardenvonruede0524,Harden VonRueden-Frami,Bolivia,Deportes,FALSE,5,5,1130,1.3274336283185841,15.630200308166412,Bajo,0
