usuario_id,usuario,nombre,ocupacion,organizacion,pais,nicho,fecha_registro,latitud,longitud,verificado
USR0001,raquelziemannd0001,Raquel Ziemann DDS,Medical laboratory scientific officer,Fritsch Ltd,Perú,Tecnología,2024-02-18,11.81229,10.83439,TRUE
USR0002,danelleromague0002,Danelle Romaguera,Oceanographer,Dicki-Luettgen,Argentina,Gastronomía,2026-06-02,70.59923,166.21866,FALSE
USR0003,romainejacobis0003,Romaine Jacobi-Swaniawski,Database administrator,"Price, Senger and Reinger",Argentina,Gastronomía,2025-05-02,-20.12765,-3.31244,FALSE
USR0004,msbarbieschowa0004,Ms. Barbie Schowalter DDS,Manufacturing engineer,"Strosin, Harvey and Stokes",Argentina,Educación,2023-07-28,-89.47329,143.89091,FALSE
USR0005,juliannschaden0005,Juliann Schaden,Youth worker,"Mertz, Schulist and Murazik",Bolivia,Deportes,2020-03-13,8.006,-164.43425,TRUE
USR0006,osbornewuckert0006,Osborne Wuckert-Smith,"Therapist, music",Douglas Ltd,Bolivia,Viajes,2022-06-15,-20.90253,111.82867,TRUE
USR0007,antionesteuber0007,Antione Steuber,Broadcast engineer,Wunsch-Predovic,Bolivia,Tecnología,2019-02-03,40.31895,-133.74345,FALSE
USR0008,draurelioadams0008,Dr. Aurelio Adams,Archaeologist,"Grant, Lubowitz and Schowalter",Perú,Gastronomía,2024-06-19,7.0975,-39.97617,FALSE
USR0009,mrsdanicagleic0009,Mrs. Danica Gleichner,"Secretary, company","Nitzsche, Toy and Kuhic",Bolivia,Educación,2024-06-01,8.29965,-133.17749,FALSE
USR0010,cassidyrath0010,Cassidy Rath,Clothing/textile technologist,"Labadie, Pfeffer and Leannon",Colombia,Viajes,2019-06-17,73.9736,-49.99652,FALSE
USR0011,gustkuphal0011,Gust Kuphal,"Engineer, structural",Cartwright and Sons,Argentina,Educación,2018-04-16,62.55674,-21.55004,TRUE
USR0012,shaylaoreillyp0012,Shayla O'Reilly-Parker,Sports administrator,Blick Inc,Bolivia,Moda,2023-06-11,76.71257,-148.88749,FALSE
USR0013,mradamwalterii0013,Mr. Adam Walter III,Marine scientist,Mosciski-Johnson,Argentina,Deportes,2024-09-06,61.97422,-73.00272,TRUE
USR0014,drangusveum0014,Dr. Angus Veum,Fisheries officer,VonRueden-Miller,Bolivia,Viajes,2021-04-24,-33.27842,-163.82552,TRUE
USR0015,hollisraui0015,Hollis Rau I,"Lecturer, higher education","Schaden, Kirlin and Zieme",Perú,Tecnología,2025-07-16,2.10299,-23.31888,FALSE
USR0016,mserlenebechte0016,Ms. Erlene Bechtelar MD,Photographer,Rohan-Franecki,Chile,Tecnología,2024-01-11,47.59771,-96.11132,TRUE
USR0017,gideonquigleym0017,Gideon Quigley MD,"Civil engineer, consulting","Grant, Olson and Lubowitz",Bolivia,Deportes,2018-08-13,76.02385,116.78356,FALSE
USR0018,ardithreinger0018,Ardith Reinger,Television floor manager,Becker PLC,Bolivia,Tecnología,2022-07-05,-57.05213,12.84464,FALSE
USR0019,georgenemraz0019,Georgene Mraz,"Journalist, broadcasting",Gutkowski Inc,Bolivia,Deportes,2023-12-15,-58.1733,-67.89922,FALSE
USR0020,presleynolan0020,Presley Nolan,"Administrator, sports","Connelly, Hammes and Harber",Bolivia,Viajes,2024-02-17,-85.80314,-17.92869,TRUE
USR0021,sampsonullrich0021,Sampson Ullrich,Art gallery manager,Zemlak Inc,Bolivia,Educación,2018-09-05,6.59898,-74.68686,FALSE
USR0022,albertinezulau0022,Albertine Zulauf,Financial planner,"Lowe, Hyatt and Hickle",Chile,Gastronomía,2022-12-14,18.89891,-101.44149,FALSE
USR0023,drdaviangoyett0023,Dr. Davian Goyette III,Immunologist,Jacobi LLC,Argentina,Viajes,2024-08-24,35.85843,13.3527,FALSE
USR0024,mslisarutherfo0024,Ms. Lisa Rutherford MD,Trade mark attorney,Hahn-Langosh,Chile,Gastronomía,2022-09-08,73.53524,-50.38956,FALSE
USR0025,susannahharber0025,Susannah Harber,"Therapist, occupational",Legros PLC,Argentina,Gastronomía,2023-10-27,17.56107,-112.34044,FALSE
USR0026,mrcornellswift0026,Mr. Cornell Swift Sr.,Plant breeder/geneticist,Yundt-Gibson,Chile,Deportes,2019-07-11,-5.6526,-176.26687,TRUE
USR0027,darcibashirian0027,Darci Bashirian-Murray,Research scientist (physical sciences),Schiller-Gleason,Bolivia,Deportes,2024-10-15,46.9187,50.70048,FALSE
USR0028,drgermanpaucek0028,Dr. German Paucek,Estate manager/land agent,Yundt-Stark,Perú,Gastronomía,2026-06-13,34.39011,135.4849,FALSE
USR0029,hayleewyman0029,Haylee Wyman,Trading standards officer,Sauer and Sons,Colombia,Deportes,2026-03-25,36.86076,174.82572,TRUE
USR0030,norettarowe0030,Noretta Rowe,Careers information officer,Pfeffer Ltd,Bolivia,Deportes,2022-12-16,9.66227,-152.47084,FALSE
USR0031,buelkiehn0031,Buel Kiehn,Clinical psychologist,McClure-Swaniawski,Colombia,Viajes,2018-04-01,-11.43498,34.82068,FALSE
USR0032,dentonpfanners0032,Denton Pfannerstill,Quality manager,Stark-Stokes,Bolivia,Gastronomía,2020-09-13,-18.84342,-155.54661,FALSE
USR0033,dralzinaabshir0033,Dr. Alzina Abshire PhD,"Secretary, company",Kub Group,Argentina,Moda,2021-12-11,20.35467,163.91117,FALSE
USR0034,nallelysimonis0034,Nallely Simonis,Theatre director,Smitham Inc,Bolivia,Tecnología,2021-11-05,84.4292,-121.01866,FALSE
USR0035,ezellschimmel0035,Ezell Schimmel,"Editor, film/video",Rutherford Ltd,Chile,Educación,2022-07-18,-52.88878,-9.20184,FALSE
USR0036,diandrarath0036,Diandra Rath,Patent examiner,"Bayer, Doyle and Gaylord",Chile,Educación,2020-09-05,-71.04965,-77.67425,TRUE
USR0037,maudkuphal0037,Maud Kuphal,Osteopath,Frami-Koelpin,Bolivia,Tecnología,2023-12-08,1.39453,10.89231,FALSE
USR0038,havenhilpertko0038,Haven Hilpert-Koch,Recycling officer,Lowe-Mertz,Bolivia,Moda,2024-06-18,-67.19236,61.78297,TRUE
USR0039,leroywolf0039,Leroy Wolf,Immigration officer,Skiles-Rippin,Bolivia,Moda,2026-01-30,22.28765,7.95914,FALSE
USR0040,carriesauer0040,Carrie Sauer,Immigration officer,Harvey Inc,Argentina,Moda,2018-08-24,-34.73661,-14.95798,FALSE
USR0041,alberthajaskol0041,Albertha Jaskolski DVM,Chartered accountant,McLaughlin-Reichel,Colombia,Tecnología,2025-04-16,24.75293,-7.30269,FALSE
USR0042,teddiehammes0042,Teddie Hammes,Child psychotherapist,Quitzon-Bailey,Bolivia,Viajes,2023-12-08,-47.0676,120.47511,TRUE
USR0043,eusebiowitting0043,Eusebio Witting,"Pharmacist, community","Tremblay, Spencer and Funk",Bolivia,Tecnología,2024-11-02,-6.68179,94.33929,FALSE
USR0044,trilbyharber0044,Trilby Harber,"Engineer, site",Braun-Beatty,Bolivia,Educación,2020-08-19,-49.67762,164.61675,FALSE
USR0045,villacormierlo0045,Villa Cormier-Lowe,Sports therapist,Koss LLC,Colombia,Gastronomía,2022-07-08,85.74025,-24.76116,FALSE
USR0046,alstoncrooks0046,Alston Crooks,Haematologist,Towne Inc,Bolivia,Gastronomía,2020-07-22,-17.75551,99.69384,TRUE
USR0047,drtonihaagmd0047,Dr. Toni Haag MD,Police officer,"Heller, Gottlieb and Ernser",Argentina,Gastronomía,2023-04-02,54.22269,-39.51245,FALSE
USR0048,freddiewardray0048,Freddie Ward-Raynor,"Administrator, education","Batz, Yundt and Ankunding",Bolivia,Deportes,2022-02-12,-20.70851,-164.06391,FALSE
USR0049,kendalroberts0049,Kendal Roberts,"Engineer, civil (contracting)",Skiles Inc,Bolivia,Deportes,2018-10-01,-14.57512,40.31502,FALSE
USR0050,marshritchie0050,Marsh Ritchie,Outdoor activities/education manager,Bradtke Inc,Colombia,Moda,2021-03-14,-57.63704,54.83678,FALSE
USR0051,eloisebradtke0051,Eloise Bradtke,Research scientist (life sciences),Hermiston-O'Hara,Bolivia,Moda,2025-10-18,-16.14533,-168.75423,TRUE
USR0052,mikaldamore0052,Mikal D'Amore,Associate Professor,Schaefer-Harvey,Chile,Tecnología,2021-06-12,-35.43276,-103.2515,FALSE
USR0053,kylahconnelly0053,Kylah Connelly,Insurance account manager,Monahan and Sons,Argentina,Viajes,2018-09-29,-73.87739,86.30811,FALSE
USR0054,misscarleymetz0054,Miss Carley Metz DDS,Museum education officer,Nitzsche and Sons,Bolivia,Deportes,2024-08-28,-46.15269,175.79505,FALSE
USR0055,mrwaverlycrook0055,Mr. Waverly Crooks,Human resources officer,Little-Hoppe,Perú,Educación,2024-05-04,75.76546,62.00438,FALSE
USR0056,maudiemuller0056,Maudie Muller,Dietitian,"Reinger, Huels and Kertzmann",Colombia,Gastronomía,2020-06-28,-39.66575,-171.95978,FALSE
USR0057,dralwinstolten0057,Dr. Alwin Stoltenberg Jr.,"Surveyor, insurance",Herzog Ltd,Argentina,Moda,2023-10-10,73.60908,53.88137,FALSE
USR0058,khadijahmcglyn0058,Khadijah McGlynn,Medical illustrator,Bernier Ltd,Argentina,Educación,2019-06-14,49.26893,44.73726,FALSE
USR0059,sadyegorczany0059,Sadye Gorczany,Retail buyer,"Turner, Lockman and Paucek",Bolivia,Gastronomía,2021-03-10,-52.22922,-172.39415,FALSE
USR0060,mrslenoreluett0060,Mrs. Lenore Luettgen MD,Advice worker,O'Kon Inc,Perú,Gastronomía,2023-08-30,-14.23507,172.58724,TRUE
USR0061,jerrellstokesk0061,Jerrell Stokes-Kris,Arts administrator,"Lindgren, Morar and Mann",Colombia,Educación,2020-10-31,-15.18486,147.04423,FALSE
USR0062,hilaryokuneva0062,Hilary Okuneva,"Administrator, charities/voluntary organisations","Gibson, Quitzon and Klocko",Bolivia,Deportes,2022-05-05,-36.42413,171.31516,FALSE
USR0063,baileepollich0063,Bailee Pollich,Operations geologist,Ortiz Inc,Perú,Gastronomía,2025-09-27,75.24201,-45.40566,FALSE
USR0064,drverlemoen0064,Dr. Verle Moen,Teaching laboratory technician,Williamson-Mann,Bolivia,Educación,2021-07-06,-69.87811,-112.03466,FALSE
USR0065,diannaschmidtm0065,Dianna Schmidt MD,Manufacturing systems engineer,Kihn Ltd,Bolivia,Gastronomía,2020-09-03,-42.76606,90.74798,TRUE
USR0066,edithbeattydds0066,Edith Beatty DDS,Film/video editor,Murray Group,Bolivia,Educación,2019-09-11,-5.15045,-5.51709,FALSE
USR0067,stewardboehmke0067,Steward Boehm-Kerluke,"Editor, film/video",Smith PLC,Bolivia,Gastronomía,2022-05-11,-44.45124,-42.25093,FALSE
USR0068,abhalvorson0068,Ab Halvorson,"Investment banker, corporate",Mosciski-Ortiz,Colombia,Tecnología,2025-08-08,-82.61607,-148.62602,FALSE
USR0069,msjannettefade0069,Ms. Jannette Fadel PhD,Tour manager,"Dietrich, Raynor and Mayert",Perú,Educación,2019-12-02,-36.34733,117.46105,FALSE
USR0070,alvinjohnson0070,Alvin Johnson,Engineering geologist,Upton PLC,Perú,Gastronomía,2025-12-21,37.609610000000004,-179.64354,FALSE
USR0071,embersteuber0071,Ember Steuber,"Teacher, special educational needs",Cormier-Pacocha,Bolivia,Educación,2024-04-11,47.05537,-21.14816,TRUE
USR0072,darryrippin0072,Darry Rippin,Clothing/textile technologist,Barton-Cartwright,Chile,Educación,2023-05-30,-17.9455,6.40235,FALSE
USR0073,mrtreytonparke0073,Mr. Treyton Parker III,Health and safety inspector,"Kautzer, Wolff and Wehner",Colombia,Gastronomía,2019-02-15,46.14753,39.58972,FALSE
USR0074,drkaelveummd0074,Dr. Kael Veum MD,Charity fundraiser,"Ferry, Mills and Cummings",Colombia,Moda,2020-04-09,-6.80358,116.35418,FALSE
USR0075,pattyparisianw0075,Patty Parisian-Wolf,Manufacturing systems engineer,"Jakubowski, Streich and Donnelly",Chile,Moda,2020-09-15,22.08183,1.50013,TRUE
USR0076,carlylefeest0076,Carlyle Feest,"Copywriter, advertising",Stiedemann Ltd,Colombia,Educación,2023-02-08,45.71697,-157.80307,FALSE
USR0077,danielblick0077,Daniel Blick,Physiological scientist,Stark-Cummings,Bolivia,Viajes,2025-11-27,-75.61471,78.867679999999993,FALSE
USR0078,colonwitting0078,Colon Witting,Sports development officer,Flatley LLC,Colombia,Deportes,2023-09-04,-86.77293,-87.59762,FALSE
USR0079,bonitakautzer0079,Bonita Kautzer,"Engineer, manufacturing",Hamill Group,Chile,Deportes,2018-05-23,-76.00556,91.85503,FALSE
USR0080,clarkeondricka0080,Clarke Ondricka-Padberg,IT technical support officer,"Wehner, Langosh and Smitham",Bolivia,Moda,2019-09-07,-14.02494,103.90926,TRUE
USR0081,mscourtneyhick0081,Ms. Courtney Hickle MD,"Editor, commissioning",Carter-Pfannerstill,Colombia,Moda,2026-05-28,23.00492,95.75933,TRUE
USR0082,tatiahane0082,Tatia Hane,Chief Strategy Officer,"Kohler, Kuhlman and Batz",Bolivia,Tecnología,2018-06-28,66.13276,112.26032,FALSE
USR0083,omapacochaphd0083,Oma Pacocha PhD,"Therapist, nutritional",Cronin-Jones,Chile,Gastronomía,2019-10-09,65.83924,99.16882,TRUE
USR0084,missnereidahea0084,Miss Nereida Heathcote DVM,Animal nutritionist,"McCullough, Bartell and Koss",Bolivia,Educación,2026-05-11,61.8359,-5.40587,FALSE
USR0085,mrsteviemoen0085,Mr. Stevie Moen,"Designer, furniture",Osinski-Ferry,Perú,Viajes,2024-07-06,43.02081,135.92939,FALSE
USR0086,dralethaherman0086,Dr. Aletha Herman MD,"Nurse, children's",Farrell PLC,Bolivia,Tecnología,2020-08-23,0.42267,103.03632,FALSE
USR0087,lawrencegottli0087,Lawrence Gottlieb,Illustrator,"Sawayn, Ritchie and Hessel",Chile,Gastronomía,2024-02-05,-13.73165,70.89694,FALSE
USR0088,dotjacobsgibso0088,Dot Jacobs-Gibson,Control and instrumentation engineer,"Hagenes, Borer and Fay",Chile,Gastronomía,2018-07-06,-43.54301,-10.02165,FALSE
USR0089,maxielabadie0089,Maxie Labadie,"Scientist, marine","Kunde, Shanahan and Auer",Bolivia,Educación,2025-01-08,-33.7109,106.81718,FALSE
USR0090,mariowillmsiv0090,Mario Willms IV,Museum/gallery exhibitions officer,Bogisich Inc,Perú,Moda,2024-07-18,80.17789,-43.66988,FALSE
USR0091,brileylang0091,Briley Lang,Technical sales engineer,"Dare, Abbott and Toy",Bolivia,Deportes,2018-06-24,-15.75677,0.8391,TRUE
USR0092,amarimayert0092,Amari Mayert,Sports coach,Ruecker Inc,Bolivia,Deportes,2023-05-14,-70.41738,42.59254,FALSE
USR0093,christenkonope0093,Christen Konopelski,Media buyer,Bauch-Wuckert,Chile,Viajes,2024-06-10,63.77731,-8.68588,TRUE
USR0094,mervynpfeffer0094,Mervyn Pfeffer,Field seismologist,Mertz-Douglas,Argentina,Tecnología,2022-12-13,88.19762,104.3906,FALSE
USR0095,duncantorphy0095,Duncan Torphy,Archivist,Hyatt PLC,Perú,Moda,2020-11-10,6.51919,-172.13885,FALSE
USR0096,mrmillergottli0096,Mr. Miller Gottlieb II,General practice doctor,"Bogan, Borer and Bayer",Bolivia,Gastronomía,2024-01-27,26.55382,-72.61367,FALSE
USR0097,robinadams0097,Robin Adams,Publishing copy,Beer-Dicki,Perú,Moda,2019-06-22,-11.51258,-145.19426,FALSE
USR0098,cathrynaltenwe0098,Cathryn Altenwerth,Financial risk analyst,"Davis, Abshire and Wilkinson",Chile,Educación,2020-04-01,-76.46574,-120.94285,FALSE
USR0099,tobewaelchi0099,Tobe Waelchi,Insurance risk surveyor,Weissnat-Crooks,Bolivia,Moda,2018-04-18,7.91004,5.59007,TRUE
USR0100,raoulbins0100,Raoul Bins,Health visitor,"Prosacco, Ernser and Schmitt",Bolivia,Viajes,2023-05-11,-79.28002,-161.94261,TRUE
USR0101,viviennestrack0101,Vivienne Stracke PhD,"Doctor, hospital",Weimann Group,Perú,Educación,2022-07-28,-22.84334,150.11934,FALSE
USR0102,clevalowe0102,Cleva Lowe,"Scientist, water quality",Bode-Wintheiser,Perú,Educación,2023-01-20,-7.17419,-158.71838,FALSE
USR0103,mrsmelindabrue0103,Mrs. Melinda Bruen,Clinical cytogeneticist,Howe LLC,Bolivia,Deportes,2022-10-13,-23.43735,-164.61026,FALSE
USR0104,adelardwyman0104,Adelard Wyman,Facilities manager,Boyer-Schinner,Bolivia,Viajes,2019-05-05,87.50756,57.25995,TRUE
USR0105,odamaggio0105,Oda Maggio,Engineering geologist,Becker Group,Colombia,Gastronomía,2018-04-23,87.68501,61.11827,FALSE
USR0106,madlynkiehn0106,Madlyn Kiehn,Personal assistant,Bechtelar-Schneider,Perú,Moda,2019-05-31,-20.83845,-63.77898,TRUE
USR0107,finleyhowelldv0107,Finley Howell DVM,"Scientist, clinical (histocompatibility and immunogenetics)",Padberg-Glover,Bolivia,Gastronomía,2020-12-07,59.38177,-126.32524,FALSE
USR0108,jaydenskiles0108,Jayden Skiles,"Surveyor, building",Howell and Sons,Bolivia,Deportes,2024-09-20,17.59354,15.07566,FALSE
USR0109,nolaborer0109,Nola Borer,Art therapist,"Rodriguez, Beer and Kiehn",Bolivia,Educación,2024-05-04,-73.59972,-17.91268,FALSE
USR0110,bufordlindgren0110,Buford Lindgren,"Teacher, music",Grady-Herzog,Chile,Tecnología,2023-07-09,-59.54239,0.77355,FALSE
USR0111,katerinadenesi0111,Katerina Denesik,Community education officer,"Wiegand, Kunze and Pfeffer",Argentina,Viajes,2023-03-13,-82.20332,142.83205,FALSE
USR0112,zadieleannon0112,Zadie Leannon,Electrical engineer,Abernathy PLC,Bolivia,Viajes,2023-05-27,-89.4307,137.48141,TRUE
USR0113,minorbartell0113,Minor Bartell,Control and instrumentation engineer,"Mills, Gutmann and Reichert",Colombia,Educación,2020-04-03,-16.80243,55.39487,FALSE
USR0114,aubreelemke0114,Aubree Lemke,Police officer,Baumbach-Haag,Chile,Moda,2024-02-20,50.57652,-171.86879,FALSE
USR0115,tatianamcclure0115,Tatiana McClure,Investment analyst,"Gleichner, Wiza and Hammes",Colombia,Moda,2024-12-22,57.84444,-46.18323,FALSE
USR0116,ayeshawolf0116,Ayesha Wolf,Public relations account executive,Okuneva-Koepp,Bolivia,Moda,2024-10-23,64.90165,-150.79254,TRUE
USR0117,gabrielheidenr0117,Gabriel Heidenreich,Phytotherapist,Medhurst Ltd,Perú,Moda,2021-01-18,-19.052,-47.79552,TRUE
USR0118,arriehaley0118,Arrie Haley,"Programmer, multimedia",Jast-Adams,Perú,Deportes,2021-08-16,77.32604,-77.58415,FALSE
USR0119,kenyastrosin0119,Kenya Strosin,Air cabin crew,Powlowski-Terry,Colombia,Tecnología,2023-12-13,58.49887,-156.2586,FALSE
USR0120,jeramieoconner0120,Jeramie O'Conner,Orthoptist,Kling-Bartoletti,Argentina,Viajes,2018-07-14,-17.89371,-42.91276,FALSE
USR0121,marquitayostph0121,Marquita Yost PhD,Market researcher,Douglas-Cronin,Colombia,Moda,2024-01-29,70.90723,-32.53428,FALSE
USR0122,orlinnienowdib0122,Orlin Nienow-Dibbert,"Surveyor, insurance",Medhurst PLC,Chile,Gastronomía,2021-01-29,-84.17897,-19.00711,TRUE
USR0123,nikkowatsica0123,Nikko Watsica,"Psychotherapist, dance movement","Collins, Brakus and Daniel",Bolivia,Educación,2021-02-08,-5.43547,-106.00288,TRUE
USR0124,tyreemaggio0124,Tyree Maggio,Health and safety adviser,Yundt Ltd,Bolivia,Viajes,2018-06-26,-24.42933,-167.57167,FALSE
USR0125,calmosciski0125,Cal Mosciski,Art gallery manager,"Kreiger, Ruecker and Rippin",Colombia,Tecnología,2021-08-01,86.69525,-22.8163,FALSE
USR0126,foywitting0126,Foy Witting,"Geologist, engineering",Schulist LLC,Bolivia,Educación,2022-09-14,-18.52134,75.63534,TRUE
USR0127,drterancelesch0127,Dr. Terance Lesch,"Therapist, sports",Williamson-Heathcote,Colombia,Gastronomía,2021-01-04,62.23401,19.56197,TRUE
USR0128,ethelbertbashi0128,Ethelbert Bashirian,"Scientist, research (life sciences)",Beatty Ltd,Bolivia,Tecnología,2026-04-24,0.62164,176.23325,TRUE
USR0129,drnedhills0129,Dr. Ned Hills,Futures trader,Hessel Group,Bolivia,Tecnología,2018-02-16,75.91658,-178.73735,TRUE
USR0130,roninfeestreic0130,Ronin Feest-Reichert,Pension scheme manager,O'Reilly and Sons,Colombia,Educación,2023-10-03,-67.36108,109.33313,FALSE
USR0131,msdoraschmeler0131,Ms. Dora Schmeler,"Administrator, education",Hartmann Inc,Argentina,Moda,2023-07-13,58.5931,38.04391,FALSE
USR0132,carolehills0132,Carole Hills,"Surveyor, building control",Renner Inc,Bolivia,Viajes,2022-08-02,-78.19899,-111.32917,TRUE
USR0133,byrdconn0133,Byrd Conn,Commissioning editor,O'Hara-Eichmann,Bolivia,Viajes,2025-07-12,44.05069,-127.27671,FALSE
USR0134,jedediahmurray0134,Jedediah Murray,"Programme researcher, broadcasting/film/video",Kshlerin-Schimmel,Bolivia,Deportes,2024-04-19,-49.02834,-60.67374,FALSE
USR0135,phyliciaswifts0135,Phylicia Swift-Shanahan,Personnel officer,Barton-Thiel,Bolivia,Educación,2025-04-02,77.24468,178.74339,FALSE
USR0136,mrlenondaugher0136,Mr. Lenon Daugherty PhD,Biomedical engineer,Kihn-Marks,Chile,Gastronomía,2024-05-27,9.32576,73.00102,TRUE
USR0137,pollydonnelly0137,Polly Donnelly,Office manager,Smith Group,Bolivia,Gastronomía,2022-01-20,-11.28539,3.22952,TRUE
USR0138,garfieldaufder0138,Garfield Aufderhar,Aid worker,Krajcik LLC,Chile,Viajes,2024-12-06,38.25252,-74.06849,FALSE
USR0139,evertharrisdvm0139,Evert Harris DVM,IT consultant,Schamberger and Sons,Bolivia,Moda,2023-07-02,-16.24438,-32.65584,FALSE
USR0140,erlindanaderdd0140,Erlinda Nader DDS,"Scientist, physiological","McCullough, Morissette and Weber",Colombia,Moda,2025-09-01,-14.59224,-103.76447,FALSE
USR0141,ameliekonopels0141,Amelie Konopelski,Outdoor activities/education manager,Kertzmann LLC,Perú,Deportes,2025-04-18,80.79875,141.25832,TRUE
USR0142,johnnywillms0142,Johnny Willms,"Administrator, local government",Fisher-Hills,Argentina,Deportes,2025-07-12,34.76306,-57.8884,FALSE
USR0143,mrdillonmraziv0143,Mr. Dillon Mraz IV,Air broker,"Blick, Reichel and Skiles",Perú,Deportes,2021-09-22,-69.35101,-154.88235,FALSE
USR0144,meghannhilpert0144,Meghann Hilpert,Claims inspector/assessor,Hintz-Okuneva,Colombia,Moda,2020-04-14,-34.43942,-92.07909,TRUE
USR0145,bertaryan0145,Berta Ryan,"Doctor, general practice","Wilderman, Hettinger and Beer",Perú,Moda,2025-06-06,-36.69382,152.49255,FALSE
USR0146,siewuckert0146,Sie Wuckert,"Scientist, physiological",Keebler-Nolan,Colombia,Tecnología,2023-04-25,-86.84781,-120.02592,FALSE
USR0147,droctaviocrook0147,Dr. Octavio Crooks DDS,Clinical embryologist,Spencer-Runolfsson,Bolivia,Deportes,2020-01-04,87.91307,15.3219,FALSE
USR0148,willyrenneriv0148,Willy Renner IV,Counselling psychologist,Kutch Inc,Colombia,Gastronomía,2023-02-19,-18.74684,138.37161,FALSE
USR0149,neliajacobi0149,Nelia Jacobi,Retail buyer,"Gulgowski, Runolfsdottir and Wehner",Bolivia,Tecnología,2023-10-06,-31.38538,29.25992,FALSE
USR0150,mrtheodoretreu0150,Mr. Theodore Treutel II,Theatre stage manager,Dibbert Group,Bolivia,Tecnología,2025-01-27,33.1381,141.92575,FALSE
USR0151,sharynfriesen0151,Sharyn Friesen,Energy engineer,"Daugherty, Reichel and Leuschke",Colombia,Gastronomía,2023-06-22,-16.39782,-52.6022,FALSE
USR0152,mrvolneyterry0152,Mr. Volney Terry,Theatre director,"Fahey, Legros and Corwin",Bolivia,Moda,2023-05-06,71.88061,58.70774,FALSE
USR0153,drtobytorpii0153,Dr. Toby Torp II,Chief of Staff,Stanton-Smith,Chile,Educación,2026-02-25,83.28583,55.97773,TRUE
USR0154,luisharris0154,Luis Harris,Ceramics designer,"Nikolaus, Rolfson and Gaylord",Perú,Moda,2023-04-15,-20.32008,97.72797,FALSE
USR0155,drmichellemcke0155,Dr. Michelle McKenzie,Actuary,"Collier, Gerhold and Hermiston",Perú,Moda,2018-01-13,58.25529,-78.95975,FALSE
USR0156,clariceruecker0156,Clarice Ruecker,Technical sales engineer,"Pfannerstill, Hintz and Blanda",Bolivia,Tecnología,2018-07-08,55.80787,-9.55095,FALSE
USR0157,mansonvandervo0157,Manson Vandervort,Science writer,"Langosh, Morissette and Sawayn",Perú,Moda,2023-12-05,-25.00002,-85.89339,TRUE
USR0158,dredselmorardv0158,Dr. Edsel Morar DVM,Insurance underwriter,Witting Inc,Perú,Moda,2024-07-15,89.80375,92.15713,FALSE
USR0159,saveriorenner0159,Saverio Renner,Architect,"Rippin, Rutherford and Hagenes",Bolivia,Educación,2023-12-17,-25.73662,-1.19274,TRUE
USR0160,dewardconnv0160,Deward Conn V,TEFL teacher,"Fadel, Goldner and Pouros",Perú,Moda,2018-06-19,30.95796,-82.43769,TRUE
USR0161,yettawolff0161,Yetta Wolff,Counsellor,McCullough Ltd,Bolivia,Moda,2018-05-27,13.8216,21.56957,FALSE
USR0162,georgettewitti0162,Georgette Witting-Denesik,Chartered public finance accountant,Veum-Friesen,Colombia,Viajes,2024-09-21,19.64754,-66.44711,FALSE
USR0163,fountkerlukebr0163,Fount Kerluke-Bradtke,Public house manager,Collins Ltd,Perú,Moda,2021-12-17,59.11663,7.69758,FALSE
USR0164,dorthalittleph0164,Dortha Little PhD,Health and safety inspector,"Blanda, Rempel and Hickle",Bolivia,Educación,2025-01-24,-68.11934,56.37564,TRUE
USR0165,matildewitting0165,Matilde Witting,Economist,Wisozk Group,Bolivia,Tecnología,2025-07-26,-48.99638,103.61554,FALSE
USR0166,wintershields0166,Winter Shields,Music tutor,Donnelly PLC,Perú,Gastronomía,2019-05-11,-58.85393,-131.12042,FALSE
USR0167,dalefadel0167,Dale Fadel,"Engineer, control and instrumentation","Hartmann, Morissette and Blick",Argentina,Viajes,2018-10-24,-57.91689,-174.84486,FALSE
USR0168,melvinbruen0168,Melvin Bruen,Chief Financial Officer,Crist-Marquardt,Argentina,Deportes,2026-05-19,-18.019,-93.40126,FALSE
USR0169,joihintz0169,Joi Hintz,"Development worker, community",VonRueden-Towne,Colombia,Gastronomía,2018-02-21,-18.90974,126.1415,FALSE
USR0170,glendafahey0170,Glenda Fahey,"Scientist, audiological",Aufderhar PLC,Colombia,Moda,2025-08-09,27.43635,-65.73707,FALSE
USR0171,abrilkshlerin0171,Abril Kshlerin,Art gallery manager,Bayer-VonRueden,Chile,Tecnología,2025-10-01,-1.67958,-39.68946,FALSE
USR0172,daralesch0172,Dara Lesch,Merchant navy officer,Corkery-Kihn,Bolivia,Gastronomía,2024-04-30,20.01183,-78.44037,FALSE
USR0173,tiffanybeerdvm0173,Tiffany Beer DVM,Retail buyer,Krajcik-Hansen,Chile,Moda,2025-05-06,4.47875,-13.93858,TRUE
USR0174,malerolfson0174,Male Rolfson,"Scientist, marine",Bayer-Emard,Bolivia,Deportes,2026-05-12,87.78885,-74.0686,FALSE
USR0175,troyvandervort0175,Troy Vandervort,Television/film/video producer,Willms-Heathcote,Bolivia,Gastronomía,2019-05-19,20.30106,-132.60728,FALSE
USR0176,drpleasantschm0176,Dr. Pleasant Schmitt,Tree surgeon,Jones Ltd,Colombia,Deportes,2026-06-18,-1.96483,110.2756,FALSE
USR0177,ansleydubuque0177,Ansley DuBuque,Accommodation manager,"Tillman, Bernier and Kertzmann",Bolivia,Deportes,2019-08-27,-57.34235,-78.62888,FALSE
USR0178,missdanitaripp0178,Miss Danita Rippin MD,Web designer,"Denesik, Wisoky and Tremblay",Argentina,Viajes,2018-12-31,-62.02899,32.2968,FALSE
USR0179,alanzostreich0179,Alanzo Streich,"Programmer, systems",Braun-Robel,Bolivia,Moda,2025-06-26,17.28523,72.52799,FALSE
USR0180,domenicojaskol0180,Domenico Jaskolski-Walsh,"Education officer, environmental","Schmeler, Leuschke and Altenwerth",Perú,Gastronomía,2025-10-19,47.82435,45.88106,FALSE
USR0181,angellaboyer0181,Angella Boyer,Quantity surveyor,"Wehner, Wolff and Reynolds",Perú,Moda,2022-07-18,76.206,17.40074,TRUE
USR0182,droffieschoenj0182,Dr. Offie Schoen Jr.,Chartered legal executive (England and Wales),Smitham-Schultz,Bolivia,Educación,2022-11-18,-1.83252,41.24265,FALSE
USR0183,zhanenolan0183,Zhane Nolan,Applications developer,Okuneva PLC,Bolivia,Educación,2022-05-06,79.86079,170.48908,TRUE
USR0184,ewellbeahan0184,Ewell Beahan,Charity fundraiser,Walsh-Spinka,Perú,Tecnología,2025-09-09,-20.09173,77.33051,FALSE
USR0185,truestokesiv0185,True Stokes IV,"Nurse, mental health",Parisian Group,Argentina,Moda,2020-05-09,19.55611,-54.6048,TRUE
USR0186,huystehr0186,Huy Stehr,Aeronautical engineer,Hand LLC,Perú,Tecnología,2019-06-24,-76.77392,50.08329,FALSE
USR0187,tiesharatkemd0187,Tiesha Ratke MD,Fast food restaurant manager,"Hilll, Jones and Orn",Perú,Moda,2023-05-07,-28.91873,-23.59164,FALSE
USR0188,albakub0188,Alba Kub,Museum/gallery curator,"Leannon, Murphy and Collins",Argentina,Viajes,2019-12-24,10.67701,-75.28064,FALSE
USR0189,rashaandickens0189,Rashaan Dickens V,Print production planner,Kunze-Thiel,Chile,Gastronomía,2021-04-30,35.22943,-94.55634,FALSE
USR0190,carlostorp0190,Carlos Torp,Trade union research officer,Steuber-Welch,Bolivia,Deportes,2020-07-08,-32.66104,62.85037,FALSE
USR0191,mrtrystanferry0191,Mr. Trystan Ferry,Plant breeder/geneticist,Jacobi-Huel,Argentina,Tecnología,2021-12-06,57.95323,27.84378,FALSE
USR0192,felicityarmstr0192,Felicity Armstrong,Warden/ranger,Stark-Wilderman,Colombia,Educación,2022-12-27,-46.38824,-113.68474,FALSE
USR0193,nealytownedvm0193,Nealy Towne DVM,Quantity surveyor,Lehner-Hegmann,Perú,Viajes,2021-05-15,63.89382,135.02636,FALSE
USR0194,genamorar0194,Gena Morar,"Sound technician, broadcasting/film/video",Kohler PLC,Argentina,Viajes,2021-01-02,-5.29528,-120.66885,FALSE
USR0195,delciestiedema0195,Delcie Stiedemann,"Therapist, sports","Kilback, Reichert and Nicolas",Perú,Gastronomía,2026-05-12,-60.4409,-138.55236,FALSE
USR0196,shaynamante0196,Shayna Mante,Health and safety adviser,Brakus LLC,Bolivia,Gastronomía,2019-01-22,-49.98484,116.59342,TRUE
USR0197,fidelprosacco0197,Fidel Prosacco,Armed forces technical officer,Nicolas-Ledner,Argentina,Tecnología,2018-12-11,40.23614,48.87522,FALSE
USR0198,parleyhodkiewi0198,Parley Hodkiewicz,"Horticulturist, amenity",Crist LLC,Chile,Gastronomía,2022-04-09,87.61016,-146.02925,FALSE
USR0199,oziekerluke0199,Ozie Kerluke,Hotel manager,Parisian-Windler,Bolivia,Tecnología,2019-03-20,-41.83034,-172.92955,FALSE
USR0200,verlinkemmerzi0200,Verlin Kemmer-Ziemann,Media planner,Huels Ltd,Chile,Gastronomía,2023-03-25,-65.72263,-98.62135,FALSE
USR0201,clemensvon0201,Clemens Von,"Research officer, government",Romaguera PLC,Chile,Moda,2019-12-21,-50.56846,-120.70704,FALSE
USR0202,gainesmetz0202,Gaines Metz,"Biochemist, clinical","Langworth, Schowalter and Heidenreich",Argentina,Viajes,2020-08-19,-43.13102,90.63767,FALSE
USR0203,mrgraylingweim0203,Mr. Grayling Weimann II,Magazine features editor,Lemke-Watsica,Perú,Viajes,2022-04-16,55.51306,-135.30167,FALSE
USR0204,paigeleannon0204,Paige Leannon,"Scientist, clinical (histocompatibility and immunogenetics)",Kilback Ltd,Perú,Tecnología,2019-09-10,63.28427,66.55875,TRUE
USR0205,goldiaconsidin0205,Goldia Considine,Quarry manager,Cormier Ltd,Bolivia,Educación,2018-09-19,-69.04809,123.69342,FALSE
USR0206,corimarvin0206,Cori Marvin,"Therapist, speech and language",Shields-Bernier,Bolivia,Deportes,2022-06-04,18.91976,19.13477,FALSE
USR0207,harlowlueilwit0207,Harlow Lueilwitz,"Lighting technician, broadcasting/film/video",Bogan PLC,Colombia,Moda,2022-07-31,13.63285,90.85615,TRUE
USR0208,brittaniedare0208,Brittanie Dare,Public house manager,Beier Ltd,Argentina,Educación,2024-10-25,62.229,-165.02624,FALSE
USR0209,makaylahermist0209,Makayla Hermiston,Oceanographer,Pfannerstill-Ryan,Bolivia,Gastronomía,2018-04-04,82.52525,-86.69399,FALSE
USR0210,aribuckridge0210,Ari Buckridge,"Sound technician, broadcasting/film/video","Blanda, Weimann and Quitzon",Bolivia,Gastronomía,2023-02-12,83.97242,-129.8687,TRUE
USR0211,franklintreute0211,Franklin Treutel,Scientific laboratory technician,Becker-Auer,Argentina,Moda,2023-07-22,-7.86117,-28.35653,FALSE
USR0212,oraliapfeffer0212,Oralia Pfeffer,"Horticulturist, amenity",Ullrich-Bosco,Perú,Viajes,2020-05-02,45.5752,14.31599,FALSE
USR0213,barnardheidenr0213,Barnard Heidenreich,Diplomatic Services operational officer,Mitchell Group,Perú,Viajes,2019-12-30,17.72422,132.16023,TRUE
USR0214,alidahudson0214,Alida Hudson,"Doctor, hospital",Cartwright LLC,Perú,Moda,2023-02-24,-51.08965,-32.94624,FALSE
USR0215,darrylesmitham0215,Darryle Smitham MD,"Psychologist, forensic","McCullough, Haley and Morissette",Bolivia,Educación,2025-05-14,14.43168,154.07261,FALSE
USR0216,chasherzogv0216,Chas Herzog V,Oncologist,Braun-Kautzer,Bolivia,Gastronomía,2021-04-10,-30.02421,-118.23399,TRUE
USR0217,mickylockman0217,Micky Lockman,"Engineer, production",Gerhold-Corwin,Bolivia,Tecnología,2023-07-16,-0.36501,-145.55607,TRUE
USR0218,karsonokeefe0218,Karson O'Keefe,Textile designer,Conn-Orn,Bolivia,Moda,2023-01-10,-71.44709,125.05097,FALSE
USR0219,teaokon0219,Tea O'Kon,Cartographer,"Gerlach, McKenzie and Schumm",Bolivia,Deportes,2025-05-29,-10.33885,61.10727,FALSE
USR0220,yvetteleuschke0220,Yvette Leuschke-Balistreri,Counsellor,Braun Inc,Perú,Deportes,2022-01-22,-7.5824,-56.2236,TRUE
USR0221,carmelkirlin0221,Carmel Kirlin,Clinical psychologist,Lubowitz Inc,Chile,Educación,2024-05-24,20.87255,-61.02441,FALSE
USR0222,silvesterdoole0222,Silvester Dooley,"Engineer, manufacturing systems","Ritchie, Howe and Welch",Bolivia,Deportes,2022-04-29,-52.12749,-126.59544,FALSE
USR0223,enricogreenfel0223,Enrico Greenfelder,Computer games developer,Schinner Group,Argentina,Tecnología,2024-11-05,82.87078,132.12709,FALSE
USR0224,mohamedgaylord0224,Mohamed Gaylord DDS,Industrial buyer,Kozey-Gleason,Bolivia,Deportes,2022-04-29,42.24735,-90.12964,TRUE
USR0225,drantonettegra0225,Dr. Antonette Graham,Health promotion specialist,"Langosh, Balistreri and Gleichner",Colombia,Viajes,2020-09-04,31.2768,-7.52409,FALSE
USR0226,rancejakubowsk0226,Rance Jakubowski,Broadcast engineer,"Schaden, Kuvalis and Bradtke",Perú,Gastronomía,2025-03-07,-19.78103,-158.31548,FALSE
USR0227,hustonbahringe0227,Huston Bahringer,Adult guidance worker,Rolfson Inc,Chile,Deportes,2023-07-16,-12.52918,25.74654,FALSE
USR0228,demarionernser0228,Demarion Ernser,IT trainer,Aufderhar-Boyer,Colombia,Gastronomía,2025-03-21,61.07859,-20.98338,FALSE
USR0229,tiannaspencer0229,Tianna Spencer,Special effects artist,Wilderman Ltd,Bolivia,Educación,2023-01-24,-11.97439,52.84795,FALSE
USR0230,pryorlittlecum0230,Pryor Little-Cummings,Theatre stage manager,Schmitt Ltd,Chile,Deportes,2020-05-10,-63.60518,-24.91118,FALSE
USR0231,mrmohamedgisla0231,Mr. Mohamed Gislason II,Radiation protection practitioner,Labadie-Schmeler,Bolivia,Educación,2024-08-09,-48.85659,60.38837,TRUE
USR0232,andrialindgren0232,Andria Lindgren DDS,"Nurse, mental health","Paucek, Satterfield and Muller",Chile,Gastronomía,2018-02-01,-22.29318,-70.57396,FALSE
USR0233,ahbayer0233,Ah Bayer,Emergency planning/management officer,Hermiston LLC,Argentina,Deportes,2019-01-29,60.0568,-2.73504,TRUE
USR0234,wintonbartolet0234,Winton Bartoletti,Illustrator,Stark Inc,Colombia,Moda,2021-05-30,-49.20396,14.00925,FALSE
USR0235,rhodaauer0235,Rhoda Auer,"Education officer, museum","Bernier, Stroman and McCullough",Perú,Viajes,2025-09-19,-40.13435,14.27841,FALSE
USR0236,lovedickinson0236,Love Dickinson,"Conservator, furniture",Heller-Beer,Bolivia,Viajes,2021-09-14,37.32874,-178.35815,FALSE
USR0237,kadynveumdds0237,Kadyn Veum DDS,Social researcher,"Kub, Hettinger and Hodkiewicz",Colombia,Tecnología,2018-03-03,5.67517,-131.64873,FALSE
USR0238,ashantishanaha0238,Ashanti Shanahan,Music therapist,Beier Inc,Bolivia,Tecnología,2026-04-08,81.64425,69.27329,FALSE
USR0239,harrisonbailey0239,Harrison Bailey,Horticultural therapist,"Zulauf, Conroy and Reynolds",Chile,Gastronomía,2024-06-23,-61.20692,43.99962,FALSE
USR0240,mrslaurynsimon0240,Mrs. Lauryn Simonis,Animal nutritionist,Robel Group,Bolivia,Gastronomía,2020-01-18,18.95991,32.49013,FALSE
USR0241,jessenianolan0241,Jessenia Nolan,Arboriculturist,Hilpert LLC,Perú,Viajes,2018-03-08,-3.50718,155.98749,TRUE
USR0242,estrellareiche0242,Estrella Reichert,"Designer, fashion/clothing","Huel, Russel and Funk",Bolivia,Moda,2024-11-20,-56.16515,100.52934,FALSE
USR0243,mrsmichellezie0243,Mrs. Michelle Zieme,"Engineer, broadcasting (operations)","Schimmel, Auer and Swaniawski",Bolivia,Educación,2024-11-23,-43.82121,119.02255,FALSE
USR0244,mrashtonharber0244,Mr. Ashton Harber,"Designer, interior/spatial","Hintz, Murray and Vandervort",Chile,Deportes,2024-10-04,-18.13312,-159.65157,FALSE
USR0245,kamronnolan0245,Kamron Nolan,Energy manager,Farrell and Sons,Colombia,Educación,2026-04-12,-60.00983,-46.10361,FALSE
USR0246,carriehoeger0246,Carrie Hoeger,Tourist information centre manager,Pouros-Raynor,Perú,Deportes,2023-09-29,-11.92711,148.22931,FALSE
USR0247,maebellemayert0247,Maebelle Mayert,"Editor, magazine features",Hayes Inc,Bolivia,Moda,2023-05-27,-41.49382,55.51804,FALSE
USR0248,drmalissieleff0248,Dr. Malissie Leffler,"Engineer, maintenance (IT)",Hickle Inc,Bolivia,Educación,2019-10-31,-28.35744,72.27884,FALSE
USR0249,brookconnellyd0249,Brook Connelly DVM,Magazine journalist,Kihn-Bradtke,Perú,Gastronomía,2019-09-25,67.6083,-63.28542,FALSE
USR0250,mrsronahudsonm0250,Mrs. Rona Hudson MD,Warehouse manager,O'Conner PLC,Chile,Deportes,2022-09-11,-14.71834,-153.07026,FALSE
USR0251,tinycummerata0251,Tiny Cummerata,Dramatherapist,"Fay, Walker and McClure",Colombia,Gastronomía,2022-11-15,75.52721,-125.93651,TRUE
USR0252,misssablehickl0252,Miss Sable Hickle,Occupational psychologist,McGlynn-Reichel,Colombia,Moda,2025-03-19,-48.57495,86.9236,FALSE
USR0253,marthakeeling0253,Martha Keeling,"Radiographer, diagnostic","Block, McLaughlin and Watsica",Chile,Gastronomía,2025-05-03,79.15162,162.8995,FALSE
USR0254,melissabuckrid0254,Melissa Buckridge,Solicitor,O'Conner-Haley,Bolivia,Viajes,2026-03-07,77.54654,-48.16754,FALSE
USR0255,abdielrunolfsd0255,Abdiel Runolfsdottir,"Sales professional, IT","Reynolds, Williamson and Sipes",Colombia,Gastronomía,2023-08-26,63.71424,-131.22638,FALSE
USR0256,luigiziemann0256,Luigi Ziemann,Passenger transport manager,Ward-Hauck,Chile,Gastronomía,2019-03-20,34.83029,10.65378,FALSE
USR0257,kendellheidenr0257,Kendell Heidenreich,Analytical chemist,O'Reilly-White,Argentina,Educación,2020-07-30,-78.73763,-52.51999,FALSE
USR0258,drjedhilll0258,Dr. Jed Hilll,Broadcast presenter,Schmitt-Legros,Bolivia,Moda,2018-12-13,35.65209,-58.47982,TRUE
USR0259,msjadenjakubow0259,Ms. Jaden Jakubowski,"Biochemist, clinical",Beahan and Sons,Colombia,Gastronomía,2021-06-07,34.01575,17.13152,FALSE
USR0260,daxmorissette0260,Dax Morissette,Chartered legal executive (England and Wales),Kunde Group,Bolivia,Gastronomía,2018-02-02,83.91,110.31575,TRUE
USR0261,mikailacremin0261,Mikaila Cremin,Translator,Friesen Inc,Bolivia,Viajes,2023-07-03,76.85164,-119.48451,FALSE
USR0262,ceceliamedhurs0262,Cecelia Medhurst,Psychiatric nurse,Reichel and Sons,Bolivia,Viajes,2023-04-04,74.56418,150.44593,TRUE
USR0263,trevadach0263,Treva Dach,"Programmer, applications",Fritsch-Carter,Perú,Gastronomía,2022-06-25,-11.26637,-162.003,FALSE
USR0264,ariellesipes0264,Arielle Sipes,Manufacturing engineer,Marvin PLC,Perú,Gastronomía,2024-05-06,-1.11098,52.86462,FALSE
USR0265,cillalarson0265,Cilla Larson,Broadcast presenter,Bosco PLC,Perú,Deportes,2024-12-04,51.38451,6.43468,TRUE
USR0266,tamikovon0266,Tamiko Von,Politician's assistant,Runolfsdottir-Toy,Perú,Viajes,2025-02-12,-21.906860000000002,-67.58551,FALSE
USR0267,maryannkautzer0267,Maryann Kautzer,Hospital doctor,Bergstrom PLC,Bolivia,Deportes,2018-06-23,47.05994,-86.6238,FALSE
USR0268,jaycobberge0268,Jaycob Berge,"Lighting technician, broadcasting/film/video",McKenzie Ltd,Chile,Deportes,2019-12-31,-86.84317,173.59583,FALSE
USR0269,missaudriannar0269,Miss Audrianna Runolfsson,Secondary school teacher,"Fritsch, Davis and Harris",Bolivia,Educación,2021-12-01,13.25969,-12.44215,TRUE
USR0270,garnethermisto0270,Garnet Hermiston,"Programmer, systems",Larkin-Upton,Perú,Gastronomía,2025-01-01,62.60382,153.62029,FALSE
USR0271,olanmorissette0271,Olan Morissette,Ecologist,"Gislason, Hettinger and Rath",Bolivia,Deportes,2019-05-31,-74.11073,59.56727,FALSE
USR0272,mickiehegmann0272,Mickie Hegmann,Psychiatrist,"Aufderhar, White and Ferry",Bolivia,Viajes,2018-03-28,30.17815,146.64334,FALSE
USR0273,riyaosinski0273,Riya Osinski,Podiatrist,"Frami, Jakubowski and Cummerata",Bolivia,Educación,2023-09-04,54.18501,-15.9893,FALSE
USR0274,ernafritsch0274,Erna Fritsch,Building control surveyor,Denesik and Sons,Bolivia,Viajes,2023-08-04,-24.004,-149.25099,FALSE
USR0275,brodericklockm0275,Broderick Lockman,"Nurse, children's",Hyatt Group,Perú,Gastronomía,2018-01-05,-23.04744,168.34166,FALSE
USR0276,cynthapfanners0276,Cyntha Pfannerstill,Emergency planning/management officer,Hilll-Wiza,Bolivia,Tecnología,2018-10-08,-65.69558,34.74472,FALSE
USR0277,tressiewolf0277,Tressie Wolf,Lexicographer,Feeney Inc,Bolivia,Moda,2022-07-12,-75.8878,-137.50534,FALSE
USR0278,mrbryonhilllv0278,Mr. Bryon Hilll V,"Nurse, mental health","Hilpert, Bahringer and Carter",Perú,Moda,2021-04-05,48.97984,36.83297,FALSE
USR0279,violetteconn0279,Violette Conn,Corporate treasurer,Ziemann-Schoen,Perú,Educación,2024-06-03,4.76998,-39.19815,FALSE
USR0280,drcaslefflerph0280,Dr. Cas Leffler PhD,Regulatory affairs officer,Schuppe LLC,Colombia,Viajes,2020-10-23,86.70927,-40.91164,FALSE
USR0281,donitalabadiep0281,Donita Labadie PhD,"Programmer, applications","Schuster, Bailey and Simonis",Perú,Gastronomía,2021-11-15,3.54421,101.93245,FALSE
USR0282,idamaeoconner0282,Idamae O'Conner,"Designer, television/film set",West-Ziemann,Bolivia,Deportes,2025-10-08,-89.59336,-139.74472,FALSE
USR0283,zhaneklingphd0283,Zhane Kling PhD,Learning mentor,"Weimann, Farrell and Graham",Bolivia,Educación,2023-07-02,15.69171,1.46557,FALSE
USR0284,clotildapriceb0284,Clotilda Price-Bauch,Agricultural consultant,"Dibbert, Kertzmann and Christiansen",Argentina,Tecnología,2020-07-16,23.15146,-91.64712,TRUE
USR0285,msmandihilpert0285,Ms. Mandi Hilpert,"Engineer, biomedical","Schultz, Fay and Mann",Chile,Gastronomía,2019-05-31,19.34028,-97.67665,FALSE
USR0286,tyreemiller0286,Tyree Miller,"Engineer, structural",Kessler Inc,Colombia,Viajes,2026-03-29,86.7121,-176.06627,FALSE
USR0287,eleanoreturner0287,Eleanore Turner MD,"Conservator, museum/gallery",Fadel-White,Colombia,Moda,2018-01-13,-53.31046,44.17224,FALSE
USR0288,blazeparker0288,Blaze Parker,Geophysicist/field seismologist,Stroman PLC,Bolivia,Educación,2024-05-04,79.1561,-85.85484,TRUE
USR0289,mrscrissybogis0289,Mrs. Crissy Bogisich,Diagnostic radiographer,Mayert Inc,Bolivia,Gastronomía,2026-06-22,7.38564,89.16198,FALSE
USR0290,estebanmraz0290,Esteban Mraz,"Engineer, energy","Nicolas, Grady and Kuvalis",Colombia,Viajes,2020-12-18,50.35009,174.68017,FALSE
USR0291,cameronokeefe0291,Cameron O'Keefe,Commissioning editor,Friesen LLC,Bolivia,Gastronomía,2021-03-23,-55.37855,-75.73744,FALSE
USR0292,dreugeniokris0292,Dr. Eugenio Kris,Fast food restaurant manager,Stokes-Yost,Perú,Educación,2025-10-02,74.18384,162.25577,FALSE
USR0293,arianapollich0293,Ariana Pollich,Structural engineer,Krajcik PLC,Perú,Educación,2018-10-05,-14.047,44.50681,FALSE
USR0294,mrdelmathompso0294,Mr. Delma Thompson,Tourist information centre manager,"Herzog, Kub and Bernhard",Chile,Tecnología,2025-12-13,23.09413,-148.86561,TRUE
USR0295,drleticiaconsi0295,Dr. Leticia Considine MD,Museum/gallery conservator,Ortiz Ltd,Colombia,Viajes,2024-02-13,57.15889,130.01547,FALSE
USR0296,hamptonzemlak0296,Hampton Zemlak,Commercial horticulturist,"Reichert, Krajcik and Crona",Bolivia,Gastronomía,2018-02-23,-65.07249,151.18565,FALSE
USR0297,trinidadwucker0297,Trinidad Wuckert,"Accountant, chartered management",Keeling-Koch,Argentina,Educación,2026-03-09,21.97936,-154.24663,FALSE
USR0298,alishabreitenb0298,Alisha Breitenberg,"Designer, ceramics/pottery",Kuvalis Ltd,Argentina,Moda,2018-11-25,18.42368,-157.0229,FALSE
USR0299,anicebatz0299,Anice Batz,Air cabin crew,"Kassulke, Hyatt and Schinner",Colombia,Viajes,2023-03-09,-81.14785,-33.47765,FALSE
USR0300,missmirandasan0300,Miss Miranda Sanford MD,Pensions consultant,Kozey LLC,Argentina,Educación,2022-04-15,6.9971,-55.45557,FALSE
USR0301,kadenbatz0301,Kaden Batz,"Civil engineer, consulting",Jakubowski-Bosco,Perú,Moda,2020-04-09,-88.1431,152.21672,FALSE
USR0302,missmaybelleha0302,Miss Maybelle Haley,Communications engineer,Shields PLC,Chile,Viajes,2018-12-09,17.36005,-79.87597,TRUE
USR0303,drgibsonrogahn0303,Dr. Gibson Rogahn,Sports development officer,Flatley Group,Bolivia,Moda,2018-10-31,42.84416,-145.27454,TRUE
USR0304,milburngreendv0304,Milburn Green DVM,Animator,Schumm Group,Perú,Viajes,2019-10-09,-34.12191,153.83615,TRUE
USR0305,mrsbriannaharb0305,Mrs. Brianna Harber,Intelligence analyst,Smith Ltd,Bolivia,Deportes,2024-10-23,-51.37691,-14.75403,FALSE
USR0306,billiebechtela0306,Billie Bechtelar V,"Engineer, building services","Breitenberg, Farrell and Mante",Chile,Viajes,2024-10-05,-86.21779,-124.27058,TRUE
USR0307,lilyanaokeefe0307,Lilyana O'Keefe,Air cabin crew,Aufderhar LLC,Bolivia,Viajes,2023-06-22,70.66639,-158.32731,FALSE
USR0308,missamericafun0308,Miss America Funk PhD,"Research officer, political party",Daugherty PLC,Colombia,Educación,2019-12-09,61.45838,-141.66744,TRUE
USR0309,ivyabbottschow0309,Ivy Abbott-Schowalter,Drilling engineer,"Mante, Corkery and Jacobi",Bolivia,Viajes,2021-03-19,13.44376,-150.10403,FALSE
USR0310,arrarosenbaumd0310,Arra Rosenbaum DVM,Teaching laboratory technician,Lemke LLC,Perú,Moda,2023-04-14,-64.34991,128.16901,FALSE
USR0311,harriettekreig0311,Harriette Kreiger-Bernier,Charity fundraiser,Bartoletti-Hills,Colombia,Deportes,2023-11-14,-9.58242,-166.39204,FALSE
USR0312,mrdijonfeestmd0312,Mr. Dijon Feest MD,"Teacher, music","Armstrong, Crooks and Cole",Bolivia,Gastronomía,2018-01-26,-42.953360000000004,33.37042,FALSE
USR0313,charltonsmitha0313,Charlton Smitham,Exercise physiologist,"Larkin, Barton and Quigley",Bolivia,Viajes,2018-10-07,47.04565,130.88842,FALSE
USR0314,ajabeatty0314,Aja Beatty,"Pharmacist, hospital",Conroy-Donnelly,Bolivia,Tecnología,2025-09-23,14.27257,67.03973,TRUE
USR0315,erasmusbayer0315,Erasmus Bayer,Pensions consultant,Romaguera and Sons,Bolivia,Gastronomía,2018-10-25,-5.91779,-141.61295,FALSE
USR0316,isabelaschmele0316,Isabela Schmeler,Film/video editor,Muller Inc,Bolivia,Moda,2020-12-23,-6.63412,-173.5409,FALSE
USR0317,stanfordharris0317,Stanford Harris-D'Amore,Environmental manager,"Prohaska, Olson and Schaefer",Bolivia,Deportes,2018-03-04,-11.6725,71.824,FALSE
USR0318,sharmankosscol0318,Sharman Koss-Collier,Site engineer,Friesen Group,Bolivia,Moda,2023-04-06,-22.61948,-50.97809,TRUE
USR0319,mrcrockettkoss0319,Mr. Crockett Koss,Warden/ranger,Zieme-Wunsch,Colombia,Deportes,2018-02-25,-33.77754,-0.50873,FALSE
USR0320,mieshaschummyo0320,Miesha Schumm-Yost,Catering manager,Lemke-Rodriguez,Argentina,Gastronomía,2021-05-14,-63.08397,102.37529,FALSE
USR0321,lavernasmith0321,Laverna Smith,"Surveyor, planning and development",Wolff-Bradtke,Argentina,Deportes,2024-02-15,22.40549,31.60667,FALSE
USR0322,liamcummings0322,Liam Cummings,Textile designer,"Veum, Sawayn and Jacobs",Chile,Gastronomía,2018-08-30,76.1528,-103.67247,FALSE
USR0323,eustacegreenfe0323,Eustace Greenfelder-Schowalter,Community development worker,Hayes-Mertz,Bolivia,Deportes,2025-03-19,-10.41778,169.33789,FALSE
USR0324,drethenmcclure0324,Dr. Ethen McClure II,"Psychologist, occupational",Cormier and Sons,Argentina,Deportes,2019-04-18,-64.50833,-158.10428,FALSE
USR0325,williewillmsha0325,Willie Willms-Hahn,Psychiatric nurse,McLaughlin-McDermott,Bolivia,Tecnología,2023-06-15,38.88337,-169.66591,FALSE
USR0326,devanemard0326,Devan Emard,"Designer, interior/spatial","Runolfsson, Yundt and Lesch",Chile,Deportes,2021-01-09,-8.67003,80.84976,TRUE
USR0327,chastitywalsh0327,Chastity Walsh,Clinical biochemist,"Hessel, Reichel and Hamill",Colombia,Deportes,2023-10-09,-50.29441,153.96682,FALSE
USR0328,drlakeshanolan0328,Dr. Lakesha Nolan PhD,"Conservator, furniture",Kunze PLC,Bolivia,Tecnología,2021-04-13,28.24764,-28.711,FALSE
USR0329,ireneswaniawsk0329,Irene Swaniawski,"Administrator, arts",Sawayn LLC,Chile,Deportes,2021-04-30,48.98422,-139.7316,FALSE
USR0330,mrdemetriklock0330,Mr. Demetri Klocko MD,Research scientist (physical sciences),"Labadie, Block and Padberg",Bolivia,Tecnología,2019-01-29,-17.5988,-153.38831,FALSE
USR0331,mrsmithlittle0331,Mr. Smith Little,Charity fundraiser,Walter-Witting,Argentina,Deportes,2020-01-28,-2.28773,-10.63,FALSE
USR0332,tisadicki0332,Tisa Dicki,"Designer, graphic","Collier, Klein and Purdy",Bolivia,Moda,2018-11-28,-58.27912,114.61091,FALSE
USR0333,anibaldurgan0333,Anibal Durgan,Corporate investment banker,Grimes-Grimes,Perú,Educación,2022-09-26,-22.91134,22.90178,FALSE
USR0334,juliannagottli0334,Julianna Gottlieb,English as a second language teacher,"Heidenreich, Corwin and Abbott",Argentina,Viajes,2019-05-08,4.44646,-108.53799,FALSE
USR0335,leslieschimmel0335,Leslie Schimmel,Electronics engineer,Hoppe-Kassulke,Perú,Gastronomía,2020-10-29,47.10706,-44.90773,FALSE
USR0336,bularobelbahri0336,Bula Robel-Bahringer,Chartered loss adjuster,Jacobs-Moore,Bolivia,Gastronomía,2026-06-21,89.16982,146.33081,FALSE
USR0337,misstishieauer0337,Miss Tishie Auer DVM,Research scientist (life sciences),"Bauch, Brown and Hermiston",Perú,Viajes,2024-07-26,-59.41257,149.57726,FALSE
USR0338,lawyersanfordm0338,Lawyer Sanford MD,Actuary,"Gerlach, Ledner and Streich",Bolivia,Deportes,2018-01-24,20.50492,147.02812,FALSE
USR0339,zariavandervor0339,Zaria Vandervort,Retail buyer,Emard and Sons,Bolivia,Deportes,2026-02-11,50.77253,109.52929,TRUE
USR0340,bethelorn0340,Bethel Orn,Visual merchandiser,Lang LLC,Bolivia,Moda,2025-05-21,60.64154,-108.79772,FALSE
USR0341,mrleifschroede0341,Mr. Leif Schroeder,Financial risk analyst,Simonis Group,Argentina,Gastronomía,2023-12-12,78.18781,-49.86022,FALSE
USR0342,misssigridgayl0342,Miss Sigrid Gaylord,"Engineer, biomedical",Zulauf-Kris,Argentina,Viajes,2025-05-31,-19.39082,117.77734,TRUE
USR0343,nickolasokon0343,Nickolas O'Kon,"Engineer, site",Schaefer-Windler,Bolivia,Viajes,2020-01-25,-20.44907,-49.2504,TRUE
USR0344,donaldtrompv0344,Donald Tromp V,"Surveyor, building control","Will, Daniel and Lind",Colombia,Moda,2026-03-06,-26.55683,89.99609,FALSE
USR0345,msophalebsack0345,Ms. Opha Lebsack,Higher education lecturer,"Nader, Bartoletti and Marks",Argentina,Educación,2019-12-23,38.87653,91.58251,FALSE
USR0346,francothiel0346,Franco Thiel,"Teacher, early years/pre",Hettinger and Sons,Bolivia,Deportes,2026-05-12,0.31703,-179.73152,TRUE
USR0347,kirkjerde0347,Kirk Jerde,"Designer, graphic","Prosacco, Rolfson and Hodkiewicz",Colombia,Gastronomía,2024-11-20,-77.38237,4.09525,FALSE
USR0348,enolaroberts0348,Enola Roberts,Media planner,"Ernser, Reynolds and Hamill",Perú,Moda,2020-07-12,70.68418,136.30795,FALSE
USR0349,kaseykemmer0349,Kasey Kemmer,Arts administrator,Kiehn Group,Perú,Deportes,2020-03-11,-31.35427,-101.75992,FALSE
USR0350,lucinaprosacco0350,Lucina Prosacco,"Exhibitions officer, museum/gallery",Cole PLC,Perú,Moda,2021-06-16,-76.22634,-1.41694,FALSE
USR0351,charlottieauer0351,Charlottie Auer,"Teacher, early years/pre",Schoen Ltd,Perú,Gastronomía,2025-01-27,-88.88824,-9.77831,FALSE
USR0352,zettaflatley0352,Zetta Flatley,Hydrographic surveyor,"Witting, Fadel and Quigley",Argentina,Educación,2019-10-22,-51.97055,46.48344,FALSE
USR0353,symonekonopels0353,Symone Konopelski-Koch,"Programmer, applications",Zulauf and Sons,Perú,Educación,2026-06-22,59.30663,6.05116,TRUE
USR0354,nolieswaniawsk0354,Nolie Swaniawski DDS,Herpetologist,Murphy PLC,Bolivia,Moda,2024-06-15,-19.52116,123.06918,TRUE
USR0355,genovevachrist0355,Genoveva Christiansen,Control and instrumentation engineer,Jacobs-Schulist,Perú,Tecnología,2022-07-23,-68.18818,-147.27469,FALSE
USR0356,louannahilll0356,Louanna Hilll,Community development worker,Abbott Group,Perú,Gastronomía,2025-09-02,82.40493,-152.69146,FALSE
USR0357,clevaswaniawsk0357,Cleva Swaniawski,Computer games developer,Stiedemann-Waters,Perú,Moda,2021-07-31,52.81628,134.63982,FALSE
USR0358,kennardhueliii0358,Kennard Huel III,"Engineer, biomedical","Wiza, Koss and Jenkins",Argentina,Moda,2023-05-31,42.67662,-157.31408,FALSE
USR0359,donavanboyerha0359,Donavan Boyer-Hane,Town planner,Leuschke Inc,Chile,Gastronomía,2025-12-24,62.31917,-48.72121,FALSE
USR0360,andriawilkinso0360,Andria Wilkinson,"Scientist, research (maths)",Rosenbaum Group,Colombia,Tecnología,2024-11-14,-77.88008,124.96934,FALSE
USR0361,misaelrohanphd0361,Misael Rohan PhD,"Programmer, multimedia",Daniel and Sons,Bolivia,Tecnología,2023-11-16,-70.54405,22.6384,TRUE
USR0362,carienitzscheb0362,Carie Nitzsche-Batz,Careers information officer,Wisozk-Gerlach,Bolivia,Tecnología,2019-11-26,20.07099,91.84671,FALSE
USR0363,misslethiakuph0363,Miss Lethia Kuphal,Volunteer coordinator,Schimmel Group,Chile,Educación,2022-10-06,-74.81864,-166.03399,FALSE
USR0364,hadenconnellym0364,Haden Connelly MD,Landscape architect,"Sauer, Rowe and Abernathy",Colombia,Educación,2018-04-08,-42.86607,156.35226,FALSE
USR0365,randywyman0365,Randy Wyman,Environmental education officer,Schmitt LLC,Colombia,Moda,2018-06-15,84.87778,-157.7147,FALSE
USR0366,mrjaymecole0366,Mr. Jayme Cole,"Scientist, research (life sciences)",Gerlach-Watsica,Bolivia,Educación,2023-12-04,86.4686,38.50438,TRUE
USR0367,halekuhic0367,Hale Kuhic,Geophysical data processor,Mertz-Heidenreich,Chile,Deportes,2020-04-18,7.72346,-78.99848,FALSE
USR0368,havenmayerphd0368,Haven Mayer PhD,Accounting technician,Marks-Little,Bolivia,Deportes,2019-11-05,-14.94278,174.7811,FALSE
USR0369,missolivametzd0369,Miss Oliva Metz DVM,Race relations officer,"Bins, McGlynn and Dooley",Chile,Viajes,2025-04-23,14.12389,-177.94899,TRUE
USR0370,draugustinesta0370,Dr. Augustine Stark MD,Graphic designer,Wuckert-Witting,Bolivia,Gastronomía,2021-11-12,66.13955,-77.55087,TRUE
USR0371,mrssydnimckenz0371,Mrs. Sydni McKenzie DDS,Chemical engineer,"Oberbrunner, Hansen and Braun",Perú,Tecnología,2022-08-21,48.59404,-151.26161,TRUE
USR0372,missraelynnpre0372,Miss Raelynn Predovic,Health and safety inspector,"Robel, Walker and Stoltenberg",Bolivia,Moda,2024-05-20,-76.28066,57.07266,FALSE
USR0373,lusterhintzmd0373,Luster Hintz MD,"Engineer, manufacturing","Kutch, Hartmann and Schuppe",Bolivia,Viajes,2025-12-07,73.95875,165.20027,FALSE
USR0374,maynardwalter0374,Maynard Walter,"Engineer, communications",Williamson Group,Chile,Tecnología,2026-01-20,-11.71211,-177.95582,FALSE
USR0375,fayetteabernat0375,Fayette Abernathy,Chief Marketing Officer,Parker PLC,Bolivia,Moda,2020-08-28,-8.06389,-160.23656,FALSE
USR0376,rosinagulgowsk0376,Rosina Gulgowski DVM,Early years teacher,Sauer-Tromp,Argentina,Viajes,2022-04-19,73.13422,82.94054,FALSE
USR0377,vandernitzsche0377,Vander Nitzsche DVM,Probation officer,"Miller, Schultz and Stark",Chile,Viajes,2023-02-04,-38.96495,146.15859,FALSE
USR0378,kiyacarroll0378,Kiya Carroll,Soil scientist,Hackett-Sauer,Colombia,Educación,2023-07-01,-53.32367,-156.30509,TRUE
USR0379,ulyssescorwin0379,Ulysses Corwin,Printmaker,"Abshire, Ledner and Willms",Perú,Moda,2018-05-30,72.77079,19.20662,FALSE
USR0380,crystawhite0380,Crysta White,Metallurgist,Becker-Cronin,Bolivia,Deportes,2023-01-11,-86.84044,90.39671,FALSE
USR0381,mrsilenecronin0381,Mrs. Ilene Cronin,Adult nurse,Botsford-Moore,Chile,Educación,2024-12-16,-62.56394,160.87948,TRUE
USR0382,rainafunkfeest0382,Raina Funk-Feest,"Scientist, marine",Lemke Group,Argentina,Viajes,2024-11-20,85.86658,-85.11966,FALSE
USR0383,gerrythiel0383,Gerry Thiel,"Designer, exhibition/display","Sporer, Turner and Crooks",Bolivia,Viajes,2024-07-04,-21.45981,39.41695,FALSE
USR0384,alvarosatterfi0384,Alvaro Satterfield,Veterinary surgeon,Bins-Quitzon,Bolivia,Deportes,2025-04-13,20.75997,129.92276,FALSE
USR0385,daytoncollins0385,Dayton Collins,Fast food restaurant manager,"Hermann, Nicolas and Kuhic",Perú,Deportes,2024-02-04,-20.03293,-90.25974,FALSE
USR0386,mairamarvin0386,Maira Marvin,"Designer, furniture",Fadel Group,Argentina,Moda,2022-11-22,-32.26548,-87.37413,FALSE
USR0387,terencegoodwin0387,Terence Goodwin,Research scientist (life sciences),Cummerata Inc,Chile,Deportes,2023-08-21,33.3105,88.98587,FALSE
USR0388,darryllbeier0388,Darryll Beier,Hospital doctor,Flatley and Sons,Argentina,Deportes,2019-05-14,77.70893,-99.31131,FALSE
USR0389,eanbinsv0389,Ean Bins V,"Engineer, chemical","Cruickshank, Stehr and Kovacek",Chile,Viajes,2023-10-04,-81.68717,123.6519,FALSE
USR0390,garlandhauck0390,Garland Hauck,Medical laboratory scientific officer,"Toy, Ratke and Weissnat",Bolivia,Viajes,2022-12-03,60.16412,158.2209,FALSE
USR0391,marjorybernier0391,Marjory Bernier,Broadcast presenter,Considine-Wisoky,Argentina,Tecnología,2021-03-25,52.50829,40.02031,FALSE
USR0392,lukasdoyle0392,Lukas Doyle,Local government officer,Stracke-Williamson,Bolivia,Tecnología,2022-08-11,-18.82489,-38.21307,FALSE
USR0393,generaltorphy0393,General Torphy,Research scientist (medical),"Koelpin, Boyle and Gutmann",Argentina,Educación,2026-05-04,-9.34894,167.77979,TRUE
USR0394,jackbinsdds0394,Jack Bins DDS,Midwife,Robel-Fadel,Argentina,Educación,2021-05-31,80.26615,-142.23021,FALSE
USR0395,leishadaughert0395,Leisha Daugherty,Pathologist,Goodwin-Brekke,Bolivia,Deportes,2021-07-15,39.86423,33.24965,FALSE
USR0396,misscandinader0396,Miss Candi Nader,Restaurant manager,Beier LLC,Perú,Gastronomía,2026-02-13,-89.46233,-73.72913,FALSE
USR0397,noelleullrich0397,Noelle Ullrich,"Designer, graphic",D'Amore Ltd,Perú,Gastronomía,2020-12-29,-43.30237,66.83908,TRUE
USR0398,alvyankundingg0398,Alvy Ankunding-Graham,Automotive engineer,"Goldner, Bins and Cormier",Bolivia,Moda,2025-05-08,20.20038,86.28487,FALSE
USR0399,dwaynebechtela0399,Dwayne Bechtelar,Medical physicist,Beatty and Sons,Bolivia,Gastronomía,2026-06-12,-71.49871,-19.86526,FALSE
USR0400,johnieheathcot0400,Johnie Heathcote,Armed forces training and education officer,"Schoen, Abernathy and Tillman",Bolivia,Moda,2022-10-22,87.92259,-75.39917,FALSE
USR0401,elderwalshdamo0401,Elder Walsh-D'Amore,Oceanographer,Welch LLC,Bolivia,Viajes,2019-02-04,-50.79011,-8.4138,FALSE
USR0402,eloyschuppe0402,Eloy Schuppe,"Nurse, mental health",Maggio LLC,Argentina,Gastronomía,2020-06-24,41.43207,165.36338,FALSE
USR0403,sharlaabernath0403,Sharla Abernathy-Runolfsson,Child psychotherapist,"Abshire, Jenkins and Gutmann",Argentina,Viajes,2023-10-22,42.20775,-51.45416,FALSE
USR0404,loydschaden0404,Loyd Schaden,Associate Professor,"Cronin, Schumm and Runte",Chile,Viajes,2025-12-22,-24.70325,-169.96489,FALSE
USR0405,misssilviamaye0405,Miss Silvia Mayert,Aeronautical engineer,"Erdman, Lebsack and Metz",Chile,Viajes,2025-08-07,67.54823,-6.99197,FALSE
USR0406,staffordlubowi0406,Stafford Lubowitz,Oncologist,Heidenreich-Mayer,Colombia,Tecnología,2020-02-16,36.66286,33.86019,FALSE
USR0407,drcamrenokunev0407,Dr. Camren Okuneva Jr.,Special educational needs teacher,Bernier-Stokes,Chile,Gastronomía,2018-05-09,32.86294,41.23661,FALSE
USR0408,mrgerhardtlind0408,Mr. Gerhardt Lindgren,Radio broadcast assistant,Legros-Shields,Chile,Deportes,2018-05-22,-37.97743,66.67279,FALSE
USR0409,tishiemillsdvm0409,Tishie Mills DVM,"Editor, commissioning","Jenkins, Funk and Kohler",Argentina,Tecnología,2024-05-23,25.08454,25.96958,FALSE
USR0410,mrsjosefitazul0410,Mrs. Josefita Zulauf,Radio broadcast assistant,Kunde Group,Perú,Gastronomía,2023-05-14,-72.78064,-13.46465,FALSE
USR0411,blanchiecarter0411,Blanchie Carter,Environmental manager,Boyer-Roob,Bolivia,Moda,2018-06-14,38.34827,-138.65563,FALSE
USR0412,arianelubowitz0412,Ariane Lubowitz,Diagnostic radiographer,Haag-Hoeger,Colombia,Educación,2024-09-08,52.72128,-149.80662,FALSE
USR0413,drshaniapfanne0413,Dr. Shania Pfannerstill PhD,Tree surgeon,Leuschke-Huel,Perú,Viajes,2021-06-26,11.2201,27.7293,TRUE
USR0414,mrdessiekuvali0414,Mr. Dessie Kuvalis II,Microbiologist,Shanahan-Bradtke,Chile,Tecnología,2019-09-21,-44.5753,68.53338,FALSE
USR0415,missshilohcork0415,Miss Shiloh Corkery MD,Nutritional therapist,Beier-Rosenbaum,Argentina,Viajes,2025-10-07,-46.53504,-152.12731,FALSE
USR0416,ronstiedemann0416,Ron Stiedemann,Building control surveyor,"Baumbach, Lesch and Bernier",Bolivia,Tecnología,2024-10-19,73.70053,23.9137,FALSE
USR0417,drplumasanford0417,Dr. Pluma Sanford,Sports therapist,"Schowalter, Wisozk and Wiza",Colombia,Educación,2018-11-10,32.15468,-30.52869,FALSE
USR0418,bonitasauer0418,Bonita Sauer,"Scientist, forensic","Schamberger, Stamm and Rogahn",Bolivia,Viajes,2022-10-13,-58.78322,9.58164,FALSE
USR0419,mendymclaughli0419,Mendy McLaughlin-Aufderhar,Health promotion specialist,"Kunde, Jaskolski and Kautzer",Chile,Deportes,2020-02-14,-48.3872,-60.62477,FALSE
USR0420,amadoschuster0420,Amado Schuster,Farm manager,"Yost, Bailey and Pfannerstill",Bolivia,Educación,2024-05-14,43.14374,-4.04524,FALSE
USR0421,marryjacobs0421,Marry Jacobs,Medical technical officer,"Becker, Lebsack and Hartmann",Bolivia,Educación,2024-02-05,-60.55607,-27.35124,TRUE
USR0422,anthonykreiger0422,Anthony Kreiger,Public affairs consultant,Kirlin Group,Colombia,Educación,2020-03-16,9.69526,41.96128,FALSE
USR0423,vickieosinski0423,Vickie Osinski,"Psychologist, occupational","Murray, Murazik and Aufderhar",Bolivia,Tecnología,2026-06-02,64.25358,38.85667,TRUE
USR0424,byronmayert0424,Byron Mayert,General practice doctor,Franecki-Hirthe,Perú,Moda,2020-06-16,26.87812,-177.50263,FALSE
USR0425,laurencemclaug0425,Laurence McLaughlin,Lexicographer,Kirlin LLC,Chile,Viajes,2022-03-27,-86.02119,122.48473,FALSE
USR0426,brisawelch0426,Brisa Welch,Exhibition designer,Breitenberg-Kuhic,Colombia,Viajes,2018-11-25,-11.9542,-33.95934,FALSE
USR0427,cleavewestv0427,Cleave West V,"Designer, exhibition/display",Eichmann-Fay,Bolivia,Gastronomía,2018-09-23,-83.50315,-103.96906,FALSE
USR0428,andyohara0428,Andy O'Hara,Clinical molecular geneticist,"Swaniawski, McGlynn and McClure",Bolivia,Educación,2019-01-03,-38.01869,61.02866,FALSE
USR0429,danigerhold0429,Dani Gerhold,"Sound technician, broadcasting/film/video",Graham-Cummings,Perú,Deportes,2023-11-21,41.07487,-170.90883,FALSE
USR0430,wilhelminealte0430,Wilhelmine Altenwerth,Public affairs consultant,"Champlin, Rosenbaum and Johnson",Bolivia,Educación,2021-12-07,69.29002,-23.73317,TRUE
USR0431,khloeprice0431,Khloe Price,Equities trader,Nader and Sons,Bolivia,Gastronomía,2026-05-30,66.84128,1.62269,FALSE
USR0432,dariondietrich0432,Darion Dietrich,Logistics and distribution manager,Runolfsdottir-Weimann,Argentina,Moda,2020-01-08,-45.1317,-120.03923,FALSE
USR0433,mrjarrodmcclur0433,Mr. Jarrod McClure MD,Print production planner,Hettinger LLC,Bolivia,Moda,2019-09-20,74.83271,-39.5596,FALSE
USR0434,veldawisozkpau0434,Velda Wisozk-Paucek,"Geologist, wellsite",Koepp-Weissnat,Chile,Tecnología,2024-02-06,-50.73775,-79.71836,FALSE
USR0435,evelynhilpert0435,Evelyn Hilpert,Geochemist,Hilll Inc,Bolivia,Tecnología,2025-10-06,-55.63951,-144.04476,FALSE
USR0436,msluciafeeney0436,Ms. Lucia Feeney,Financial manager,Bode PLC,Argentina,Tecnología,2018-06-25,-76.9375,124.2508,FALSE
USR0437,drshawntepouro0437,Dr. Shawnte Pouros,"Nurse, adult","Hamill, Rosenbaum and Hyatt",Argentina,Moda,2022-08-25,61.49414,129.77336,FALSE
USR0438,bettyjanekub0438,Bettyjane Kub,Restaurant manager,Schimmel-Brakus,Perú,Viajes,2025-02-23,-20.86778,100.07677,FALSE
USR0439,mrsadelinareyn0439,Mrs. Adelina Reynolds,Environmental manager,Stehr PLC,Perú,Educación,2020-12-05,-31.88663,130.92497,TRUE
USR0440,renadaprohaska0440,Renada Prohaska,"Teacher, adult education","Bode, Hahn and Marvin",Perú,Viajes,2023-03-06,-52.78135,-138.54686,FALSE
USR0441,chiptreutel0441,Chip Treutel,"Investment banker, corporate",Parker Inc,Bolivia,Viajes,2022-06-01,59.82939,87.54762,FALSE
USR0442,michalhermisto0442,Michal Hermiston-Will,Bonds trader,"Huels, Nikolaus and Purdy",Colombia,Viajes,2025-01-19,32.92444,-17.01189,FALSE
USR0443,autumnjonesber0443,Autumn Jones-Bernhard,Government social research officer,"Cartwright, Skiles and Mertz",Bolivia,Gastronomía,2023-08-11,49.91072,-72.82703,FALSE
USR0444,marcellagoyett0444,Marcella Goyette,"Scientist, research (medical)","Fadel, Streich and Effertz",Chile,Viajes,2020-12-13,66.9106,134.23128,FALSE
USR0445,deeganbailey0445,Deegan Bailey,"Secretary, company",Goldner-Conroy,Perú,Tecnología,2020-10-05,-39.74926,-174.20534,TRUE
USR0446,dillonjenkinsv0446,Dillon Jenkins V,Sales executive,Dare Inc,Bolivia,Gastronomía,2019-06-15,5.02652,85.95003,TRUE
USR0447,drgemmazulaufd0447,Dr. Gemma Zulauf DVM,"Editor, film/video",Rodriguez Inc,Bolivia,Moda,2023-07-18,-18.41847,-125.72496,TRUE
USR0448,rubinhudsondvm0448,Rubin Hudson DVM,Risk manager,Schumm Ltd,Bolivia,Viajes,2025-09-11,48.55024,83.70993,FALSE
USR0449,audriannatrant0449,Audrianna Trantow-Erdman,Drilling engineer,"Cummings, Crona and Schaden",Chile,Gastronomía,2023-07-29,-58.65478,44.67844,TRUE
USR0450,eldredlakin0450,Eldred Lakin,Marine scientist,Hamill Inc,Argentina,Viajes,2023-09-09,70.36085,136.00375,FALSE
USR0451,sophiahuelsdan0451,Sophia Huels-Daniel,Animal nutritionist,Veum-Kautzer,Bolivia,Educación,2024-08-28,21.32001,-49.56891,FALSE
USR0452,rainakochjerde0452,Raina Koch-Jerde,Agricultural engineer,"Kuhlman, Dietrich and Lesch",Argentina,Gastronomía,2018-02-05,26.14815,22.82062,FALSE
USR0453,cheyennerunte0453,Cheyenne Runte,"Designer, textile","Lowe, Nienow and Bernier",Chile,Moda,2019-11-22,60.94111,122.08155,FALSE
USR0454,drsteviecollin0454,Dr. Stevie Collins PhD,Biomedical engineer,"Williamson, Purdy and Cummings",Bolivia,Educación,2020-07-29,79.59261,6.7007,TRUE
USR0455,angelpowlowski0455,Angel Powlowski,Bookseller,Reynolds Ltd,Bolivia,Educación,2026-05-06,-48.47926,136.93158,TRUE
USR0456,winterkuphalmi0456,Winter Kuphal-Miller,Secondary school teacher,"Davis, Turner and Wuckert",Perú,Tecnología,2023-04-10,-33.15335,-0.22383,FALSE
USR0457,yehudakonopels0457,Yehuda Konopelski,English as a second language teacher,Zulauf-Borer,Bolivia,Viajes,2018-07-22,-82.83769,136.77733,TRUE
USR0458,martezhirthe0458,Martez Hirthe,Dramatherapist,Streich PLC,Chile,Educación,2022-02-22,-4.49148,41.73716,FALSE
USR0459,misslyndiawiso0459,Miss Lyndia Wisozk MD,Probation officer,Monahan Group,Colombia,Viajes,2024-01-10,-77.50348,138.11218,TRUE
USR0460,missvessieherz0460,Miss Vessie Herzog MD,Heritage manager,"Berge, Hammes and Rogahn",Bolivia,Viajes,2025-05-16,-62.30693,141.54328,TRUE
USR0461,dallasschuppem0461,Dallas Schuppe-Mitchell,"Therapist, music",Heathcote Ltd,Bolivia,Tecnología,2025-10-12,-79.37731,-41.4359,FALSE
USR0462,brittanidicki0462,Brittani Dicki,Financial adviser,"Marks, Kovacek and Sipes",Bolivia,Moda,2018-10-26,33.82167,-131.76243,TRUE
USR0463,dollyleuschkee0463,Dolly Leuschke-Erdman,Museum/gallery curator,"Smith, Parisian and Kuphal",Bolivia,Moda,2019-01-12,-61.13901,-136.67083,FALSE
USR0464,windellankundi0464,Windell Ankunding,Catering manager,"Heidenreich, Wuckert and Kunde",Chile,Viajes,2023-02-23,8.84344,-135.28352,FALSE
USR0465,mrsmalvinaullr0465,Mrs. Malvina Ullrich,Aid worker,Lueilwitz-Erdman,Bolivia,Educación,2018-01-24,-66.70382,153.17227,FALSE
USR0466,caleighcorwinp0466,Caleigh Corwin PhD,"Engineer, structural",Wolf-Terry,Chile,Viajes,2019-04-30,20.26787,54.72748,FALSE
USR0467,drwaldemarlind0467,Dr. Waldemar Lind,"Psychologist, educational","Strosin, Considine and Stanton",Bolivia,Gastronomía,2023-04-15,-18.98898,-120.70159,FALSE
USR0468,mrsdanyelmclau0468,Mrs. Danyel McLaughlin,Child psychotherapist,Lowe-Weber,Chile,Viajes,2026-03-29,-81.99434,69.42067,FALSE
USR0469,nicklauskulasp0469,Nicklaus Kulas PhD,Restaurant manager,Quigley-Kerluke,Chile,Moda,2019-05-03,-76.59108,-155.08578,FALSE
USR0470,arnoldmorarlin0470,Arnold Morar-Lind,Microbiologist,Ortiz and Sons,Colombia,Gastronomía,2025-10-31,-65.85799,23.18544,FALSE
USR0471,mrerniehills0471,Mr. Ernie Hills,Insurance account manager,Legros LLC,Perú,Educación,2025-04-22,74.91331,174.20533,FALSE
USR0472,chandabalistre0472,Chanda Balistreri,"Teacher, secondary school",Rau Inc,Bolivia,Gastronomía,2019-12-30,-3.88172,80.47633,FALSE
USR0473,kuntakunze0473,Kunta Kunze,"Surveyor, building",Rutherford PLC,Argentina,Gastronomía,2021-05-23,-81.15273,95.92154,FALSE
USR0474,merilynhackett0474,Merilyn Hackett,Emergency planning/management officer,"Wisoky, Zboncak and Gutmann",Chile,Tecnología,2024-06-29,-24.41885,-4.63447,TRUE
USR0475,kishaschadentr0475,Kisha Schaden-Tremblay,Legal executive,Cronin-Monahan,Perú,Viajes,2018-12-28,-46.97024,36.11564,FALSE
USR0476,allissonleschm0476,Allisson Lesch MD,Occupational hygienist,Rippin Ltd,Colombia,Viajes,2025-04-08,-36.14577,-140.11068,TRUE
USR0477,infanttorphy0477,Infant Torphy,Public relations officer,"Goldner, Pfannerstill and Wisozk",Chile,Tecnología,2022-06-18,-43.17022,-5.25431,FALSE
USR0478,lyndseydarenol0478,Lyndsey Dare-Nolan,Database administrator,Shields and Sons,Bolivia,Viajes,2018-01-11,80.20965,152.75672,FALSE
USR0479,drtolliemoscis0479,Dr. Tollie Mosciski III,"Psychotherapist, dance movement",Stiedemann Group,Bolivia,Moda,2022-01-15,13.42758,106.31461,FALSE
USR0480,deandrehilpert0480,Deandre Hilpert,Product manager,Murphy LLC,Bolivia,Moda,2020-01-03,26.14457,-70.15879,FALSE
USR0481,bethanybartell0481,Bethany Bartell,Magazine features editor,Dooley LLC,Bolivia,Viajes,2023-05-31,85.18333,-31.8049,FALSE
USR0482,dayanakozey0482,Dayana Kozey,Ceramics designer,Greenholt PLC,Argentina,Educación,2026-01-08,-78.51529,-21.2746,FALSE
USR0483,matiasgrady0483,Matias Grady,Information systems manager,D'Amore Ltd,Bolivia,Viajes,2020-09-18,1.81725,8.20097,TRUE
USR0484,orlandopredovi0484,Orlando Predovic,"Accountant, chartered",Heidenreich LLC,Argentina,Viajes,2025-08-06,-23.85487,118.3817,TRUE
USR0485,carycruickshan0485,Cary Cruickshank MD,Ship broker,Schamberger-Bartell,Bolivia,Deportes,2020-01-23,41.23235,171.50695,FALSE
USR0486,mrearnestschul0486,Mr. Earnest Schultz,Health promotion specialist,Bernhard Ltd,Bolivia,Gastronomía,2025-04-05,-55.57895,42.40801,FALSE
USR0487,calebrussel0487,Caleb Russel,"Designer, textile","Beier, Kihn and Braun",Perú,Moda,2025-02-06,72.90475,44.65791,FALSE
USR0488,perrijerde0488,Perri Jerde,Operations geologist,Wiegand Group,Bolivia,Deportes,2025-04-22,-10.16458,75.13973,FALSE
USR0489,gaylehuelklock0489,Gayle Huel-Klocko,Risk manager,Bernhard Inc,Perú,Moda,2021-02-01,-49.06624,42.56218,FALSE
USR0490,everettmraz0490,Everett Mraz,Colour technologist,Macejkovic-Krajcik,Chile,Moda,2020-07-01,-88.44481,-154.32389,TRUE
USR0491,mscorettareich0491,Ms. Coretta Reichert,Radiation protection practitioner,Zieme Ltd,Colombia,Deportes,2023-02-08,-44.4135,-37.81211,FALSE
USR0492,oziecummerata0492,Ozie Cummerata,Clinical psychologist,"Gusikowski, Crooks and Graham",Argentina,Deportes,2018-10-05,-3.46591,-30.32989,TRUE
USR0493,wallacegoodwin0493,Wallace Goodwin,"Nurse, learning disability",Zieme-Lebsack,Bolivia,Educación,2020-04-19,33.62873,91.43751,FALSE
USR0494,audleyhermisto0494,Audley Hermiston II,Logistics and distribution manager,Hartmann Group,Argentina,Viajes,2021-05-21,10.06385,124.11826,FALSE
USR0495,rashaanrunolfs0495,Rashaan Runolfsdottir,Operational investment banker,"Krajcik, Morissette and Pfeffer",Colombia,Educación,2025-04-16,-11.84143,148.64521,TRUE
USR0496,droranhomenick0496,Dr. Oran Homenick DVM,Interior and spatial designer,Bogan-Medhurst,Bolivia,Gastronomía,2018-05-27,-85.7977,-103.87731,FALSE
USR0497,myrtlelehner0497,Myrtle Lehner,Publishing rights manager,Steuber-West,Chile,Tecnología,2020-07-11,-46.88566,-79.42783,TRUE
USR0498,drneryweissnat0498,Dr. Nery Weissnat DDS,Bonds trader,Klocko LLC,Chile,Educación,2020-06-03,34.37981,168.06819,FALSE
USR0499,denniejones0499,Dennie Jones,Event organiser,"Collins, Schoen and Shanahan",Chile,Deportes,2024-01-17,-38.57591,-38.11205,FALSE
USR0500,breeparisiandv0500,Bree Parisian DVM,"Scientist, research (medical)","Moore, Lebsack and Crooks",Bolivia,Viajes,2019-03-14,59.07687,132.55921,FALSE
USR0501,christeenbaumb0501,Christeen Baumbach,"Engineer, chemical","Kessler, Prohaska and Abbott",Chile,Tecnología,2024-05-06,-77.99725,73.51284,FALSE
USR0502,draustynwillms0502,Dr. Austyn Willms,Armed forces training and education officer,Stanton-Rempel,Bolivia,Educación,2018-05-31,-44.87434,105.11275,FALSE
USR0503,kirkwitting0503,Kirk Witting,Educational psychologist,Bernier Inc,Colombia,Deportes,2018-12-02,58.68613,69.3297,FALSE
USR0504,tommiecronahau0504,Tommie Crona-Hauck,Personnel officer,"Wolf, Mohr and Gibson",Argentina,Gastronomía,2026-03-31,-29.43499,-160.06176,TRUE
USR0505,ivysauercormie0505,Ivy Sauer-Cormier,Advertising account planner,"Hand, Ritchie and Lind",Perú,Gastronomía,2024-01-10,42.86476,38.68714,FALSE
USR0506,lynnwalsh0506,Lynn Walsh,Adult nurse,Bode-Conn,Chile,Tecnología,2021-11-17,63.15276,103.06167,FALSE
USR0507,lemonvandervor0507,Lemon Vandervort,Colour technologist,"Parker, Kutch and Weimann",Bolivia,Educación,2020-02-23,-67.9619,20.40153,FALSE
USR0508,stevieemarddds0508,Stevie Emard DDS,Sub,"Jast, Upton and Zemlak",Argentina,Tecnología,2022-04-27,8.18578,-110.05223,TRUE
USR0509,mrjakeschulist0509,Mr. Jake Schulist V,Therapeutic radiographer,"Ullrich, Weissnat and Krajcik",Bolivia,Tecnología,2021-01-13,-73.77365,77.58389,FALSE
USR0510,luannefeilwilk0510,Luanne Feil-Wilkinson,Sales promotion account executive,"Schultz, Witting and Mertz",Bolivia,Gastronomía,2018-06-20,67.86733,-52.78386,FALSE
USR0511,kittybeckerrun0511,Kitty Becker-Runte,Hydrogeologist,Klocko Inc,Colombia,Tecnología,2021-02-27,53.28856,-70.19312,FALSE
USR0512,genniehaagzeml0512,Gennie Haag-Zemlak,"Administrator, sports","Howe, McKenzie and West",Bolivia,Tecnología,2022-12-26,-34.00836,62.22182,TRUE
USR0513,drcorrinanicol0513,Dr. Corrina Nicolas,"Surveyor, quantity",Rohan-Shields,Colombia,Educación,2019-08-06,64.21433,109.99433,FALSE
USR0514,ernstnicolas0514,Ernst Nicolas,"Copywriter, advertising",Gutmann PLC,Argentina,Educación,2026-05-20,17.47882,-106.191,FALSE
USR0515,parrishgleason0515,Parrish Gleason II,Patent examiner,"Heller, Gleason and Runte",Colombia,Moda,2024-05-18,-3.70103,154.22391,FALSE
USR0516,drluceroschamb0516,Dr. Lucero Schamberger DDS,Furniture conservator/restorer,"Luettgen, Feil and Hermann",Bolivia,Gastronomía,2019-04-08,21.77616,173.71022,TRUE
USR0517,caleboyle0517,Cale Boyle,Academic librarian,Bogisich Ltd,Perú,Moda,2023-07-28,75.06269,-124.03919,FALSE
USR0518,eliawest0518,Elia West,"Civil engineer, consulting",Romaguera Ltd,Bolivia,Viajes,2020-06-03,-83.12244,0.73742,FALSE
USR0519,mrdeanefeestii0519,Mr. Deane Feest III,Television floor manager,Ruecker-Pagac,Bolivia,Gastronomía,2018-03-20,41.29515,162.30638,TRUE
USR0520,drbetteziemann0520,Dr. Bette Ziemann PhD,"Scientist, research (life sciences)","Ruecker, Robel and Schinner",Argentina,Deportes,2020-09-15,-41.55017,80.96898,FALSE
USR0521,rindalittlemd0521,Rinda Little MD,"Designer, ceramics/pottery","Doyle, Huel and Corwin",Chile,Gastronomía,2018-07-03,-60.42962,-0.51363,FALSE
USR0522,elwynhaley0522,Elwyn Haley,"Designer, jewellery","Bins, Anderson and Toy",Chile,Moda,2025-04-29,-67.06806,-27.67196,FALSE
USR0523,jamienienow0523,Jamie Nienow,Paediatric nurse,"Marks, Adams and Hessel",Colombia,Viajes,2023-03-14,-77.52612,-10.3309,FALSE
USR0524,hardenvonruede0524,Harden VonRueden-Frami,Barista,Wuckert Group,Bolivia,Deportes,2018-01-06,-55.72569,142.34326,FALSE
USR0525,rodneywalkeriv0525,Rodney Walker IV,Leisure centre manager,Schuster-Halvorson,Perú,Moda,2022-06-21,30.88315,-172.87502,TRUE
USR0526,veragislason0526,Vera Gislason,Chartered management accountant,Weber-Hartmann,Argentina,Gastronomía,2022-08-05,-14.17233,50.89649,TRUE
USR0527,lenonschoen0527,Lenon Schoen,Chief Strategy Officer,Hettinger Group,Bolivia,Educación,2021-07-05,-65.67461,-84.35133,FALSE
USR0528,msarliedavisph0528,Ms. Arlie Davis PhD,English as a second language teacher,"Schamberger, Schimmel and Witting",Bolivia,Moda,2021-12-17,-52.30591,-18.15623,FALSE
USR0529,barriemcdermot0529,Barrie McDermott,"Psychologist, clinical","Boyle, Mayert and Steuber",Perú,Moda,2026-06-21,68.38769,154.60137,FALSE
USR0530,drtobyhilll0530,Dr. Toby Hilll,Research scientist (maths),O'Keefe-Gulgowski,Perú,Tecnología,2026-06-12,-67.95086,-141.97935,TRUE
USR0531,gayconnphd0531,Gay Conn PhD,Facilities manager,"Bednar, Gleichner and Gislason",Bolivia,Educación,2024-06-29,-11.61763,-33.86918,FALSE
USR0532,russelwuckert0532,Russel Wuckert,Commercial horticulturist,Aufderhar-Cormier,Chile,Gastronomía,2024-10-18,19.85464,-35.33685,FALSE
USR0533,edenmann0533,Eden Mann,Planning and development surveyor,"DuBuque, Orn and Swift",Colombia,Educación,2020-02-28,25.22586,-83.35711,TRUE
USR0534,dawnakuhic0534,Dawna Kuhic,Civil Service fast streamer,Schumm-Hagenes,Argentina,Viajes,2023-03-20,-27.08124,64.85674,FALSE
USR0535,emrystoltenber0535,Emry Stoltenberg,Legal secretary,"Jacobi, Russel and Brekke",Colombia,Viajes,2021-08-02,54.67142,100.20929,FALSE
USR0536,coltromaguera0536,Colt Romaguera,"Journalist, newspaper",West-Mohr,Bolivia,Educación,2023-12-29,-5.76198,-138.80263,FALSE
USR0537,drjulegradymd0537,Dr. Jule Grady MD,"Lecturer, higher education",Schroeder-McKenzie,Argentina,Gastronomía,2018-08-12,-10.13495,140.43785,FALSE
USR0538,caelcummerata0538,Cael Cummerata,"Scientist, research (medical)","Heidenreich, Lockman and Schamberger",Bolivia,Educación,2020-10-22,1.90304,96.64025,FALSE
USR0539,arnegleichner0539,Arne Gleichner,Food technologist,"Wilkinson, King and Bechtelar",Argentina,Gastronomía,2024-08-15,-44.93262,-105.4574,FALSE
USR0540,akeelahbuckrid0540,Akeelah Buckridge-Hintz,Building services engineer,"Hegmann, Romaguera and Leuschke",Chile,Gastronomía,2025-04-29,74.28527,-49.4457,FALSE
USR0541,roddystreich0541,Roddy Streich,Tax adviser,"Hettinger, Legros and Gulgowski",Bolivia,Gastronomía,2026-06-23,-27.03748,-49.71305,FALSE
USR0542,latarshawisoky0542,Latarsha Wisoky PhD,Computer games developer,Hartmann-Feil,Bolivia,Deportes,2020-07-31,36.53498,-165.82843,FALSE
USR0543,mrorlinkovacek0543,Mr. Orlin Kovacek,Financial adviser,O'Reilly-Rutherford,Colombia,Gastronomía,2021-11-24,88.40307,-86.95476,FALSE
USR0544,drkristifadelm0544,Dr. Kristi Fadel MD,"Production designer, theatre/television/film","Wilderman, Nader and Nader",Colombia,Educación,2025-11-07,-48.45618,172.34001,FALSE
USR0545,rosendolarkin0545,Rosendo Larkin,Comptroller,Crona-Goyette,Bolivia,Deportes,2021-04-23,-75.28191,-36.38174,FALSE
USR0546,kiyoshistiedem0546,Kiyoshi Stiedemann,Financial controller,"Powlowski, Gleichner and Kuhlman",Perú,Moda,2021-07-21,-75.78325,104.56852,FALSE
USR0547,jonpouros0547,Jon Pouros,Paramedic,"Lehner, Turner and Torp",Bolivia,Moda,2018-12-18,-34.35509,152.07517000000001,TRUE
USR0548,mrnoelblandaph0548,Mr. Noel Blanda PhD,Video editor,"Murphy, Dibbert and West",Bolivia,Deportes,2020-04-26,-89.63566,-21.7017,FALSE
USR0549,joaniefadel0549,Joanie Fadel,"Psychologist, prison and probation services","Hessel, Treutel and Keebler",Bolivia,Deportes,2026-01-05,-36.20597,-74.36925,FALSE
USR0550,dontapaucek0550,Donta Paucek,Astronomer,"Murray, Klocko and Schmeler",Bolivia,Educación,2021-04-08,85.52685,89.14002,FALSE
USR0551,drjoslynreiche0551,Dr. Joslyn Reichert MD,Analytical chemist,Kassulke-Jast,Colombia,Tecnología,2021-07-07,61.75489,-168.60921,FALSE
USR0552,solomanokon0552,Soloman O'Kon,"Geologist, engineering",Harber LLC,Perú,Deportes,2025-09-04,-61.63933,-31.30722,FALSE
USR0553,debbrabode0553,Debbra Bode,Call centre manager,"Reynolds, Treutel and Bechtelar",Bolivia,Viajes,2026-06-21,-30.13426,152.79923,FALSE
USR0554,alvirabarrows0554,Alvira Barrows,Product designer,Reichel and Sons,Bolivia,Tecnología,2023-06-19,72.4833,-3.39647,FALSE
USR0555,kandacedickins0555,Kandace Dickinson PhD,"Designer, industrial/product",Douglas PLC,Bolivia,Gastronomía,2020-08-28,-39.5827,131.48772,FALSE
USR0556,sheribode0556,Sheri Bode,"Conservator, furniture",Kuhn PLC,Colombia,Deportes,2024-05-27,-21.54475,-33.00999,TRUE
USR0557,breannjerdemd0557,Breann Jerde MD,Maintenance engineer,Wehner-O'Conner,Bolivia,Tecnología,2024-02-20,-18.51658,-126.93419,FALSE
USR0558,darrylbodeskil0558,Darryl Bode-Skiles,Communications engineer,"Wolff, Denesik and Howell",Colombia,Tecnología,2025-03-10,83.15845,44.93738,TRUE
USR0559,olenahintz0559,Olena Hintz,"Psychologist, educational",Klein Inc,Colombia,Moda,2025-11-03,-39.07666,-118.55783,FALSE
USR0560,nolielemke0560,Nolie Lemke,Energy manager,"Runolfsdottir, Kuvalis and Nicolas",Bolivia,Gastronomía,2021-07-06,-65.01025,93.6074,TRUE
USR0561,drbowisozkdds0561,Dr. Bo Wisozk DDS,Oncologist,"Moen, Wiegand and Pollich",Chile,Viajes,2021-06-07,33.5979,111.88201,FALSE
USR0562,nikkihudson0562,Nikki Hudson,Customer service manager,Collins LLC,Perú,Tecnología,2021-03-15,-27.89005,-78.72819,TRUE
USR0563,gussieschiller0563,Gussie Schiller,Industrial buyer,Yundt PLC,Bolivia,Deportes,2026-04-22,39.6533,38.03433,FALSE
USR0564,dericgrimesii0564,Deric Grimes II,Nutritional therapist,Kovacek-Rohan,Chile,Educación,2023-02-18,-81.76598,162.78557,TRUE
USR0565,reecezulaufmil0565,Reece Zulauf-Mills,English as a second language teacher,Cronin-Miller,Bolivia,Gastronomía,2020-03-30,82.51761,-115.65827,FALSE
USR0566,mrelishahirthe0566,Mr. Elisha Hirthe III,"Engineer, civil (contracting)",Cartwright and Sons,Bolivia,Tecnología,2025-11-27,84.87971,154.89724,FALSE
USR0567,darlineroberts0567,Darline Roberts DVM,"Conservator, museum/gallery",Kunze-Reilly,Colombia,Educación,2023-09-03,6.93301,-60.58704,FALSE
USR0568,mrarlinleffler0568,Mr. Arlin Leffler I,"Teacher, adult education",Reilly-Wolff,Argentina,Educación,2023-07-16,22.73343,172.01226,TRUE
USR0569,hannacruicksha0569,Hanna Cruickshank,Regulatory affairs officer,"Sauer, Grady and Hyatt",Bolivia,Moda,2019-01-15,64.37825,86.66304,TRUE
USR0570,drtroyblock0570,Dr. Troy Block,Psychotherapist,Lynch-Waters,Chile,Educación,2023-11-11,-46.24387,-53.16615,FALSE
USR0571,aryanaharber0571,Aryana Harber,"Pharmacist, hospital",Considine PLC,Colombia,Moda,2023-04-26,8.79759,18.845,FALSE
USR0572,drbrendonmaggi0572,Dr. Brendon Maggio Sr.,Advertising account executive,"Murray, Robel and Kutch",Argentina,Gastronomía,2021-03-22,27.26053,-122.65275,FALSE
USR0573,drbartbalistre0573,Dr. Bart Balistreri,"Secretary, company",Dach-Kozey,Bolivia,Tecnología,2021-04-02,87.42324,-97.45356,TRUE
USR0574,pandorabogisic0574,Pandora Bogisich,Clinical psychologist,Daniel Group,Bolivia,Viajes,2026-02-19,75.40196,-50.17761,FALSE
USR0575,stacyhudson0575,Stacy Hudson,Advertising account planner,Boyle LLC,Bolivia,Deportes,2024-05-03,84.6065,-86.00482,TRUE
USR0576,missjanellefee0576,Miss Janelle Feest,"Horticulturist, amenity",Okuneva Group,Colombia,Deportes,2026-01-19,-32.16836,82.57995,FALSE
USR0577,fullersauer0577,Fuller Sauer,Arts development officer,Nader-Wuckert,Bolivia,Viajes,2018-01-27,32.14209,68.34392,FALSE
USR0578,madelinegreenh0578,Madeline Greenholt,"Engineer, energy",Casper-Stehr,Argentina,Deportes,2026-06-12,-9.19238,142.9583,FALSE
USR0579,kelseybechtela0579,Kelsey Bechtelar,"Psychologist, sport and exercise","Donnelly, Beatty and Klocko",Bolivia,Tecnología,2018-05-27,-51.57199,30.88489,FALSE
USR0580,jobehahn0580,Jobe Hahn,Local government officer,Hamill Inc,Bolivia,Viajes,2021-05-04,-8.15464,153.18222,FALSE
USR0581,janaycasper0581,Janay Casper,Web designer,Hickle Inc,Perú,Deportes,2025-09-14,-51.03198,84.29113,FALSE
USR0582,thorsmith0582,Thor Smith,Automotive engineer,Nitzsche-Bernier,Bolivia,Tecnología,2025-11-08,-65.60376,59.14779,TRUE
USR0583,destineycolebr0583,Destiney Cole-Braun,Industrial buyer,Wunsch and Sons,Colombia,Educación,2018-04-06,-61.80709,157.19998,FALSE
USR0584,yadirastanton0584,Yadira Stanton,Maintenance engineer,"Gleason, Hagenes and Jacobson",Bolivia,Educación,2025-10-04,79.98001,-8.62144,FALSE
USR0585,cassondracormi0585,Cassondra Cormier,Sports coach,"Beier, Little and Orn",Bolivia,Gastronomía,2020-05-04,-1.84421,148.9589,FALSE
USR0586,noliehoeger0586,Nolie Hoeger,Lobbyist,"Olson, Miller and VonRueden",Colombia,Deportes,2019-09-25,-27.86247,127.15885,FALSE
USR0587,hannadooley0587,Hanna Dooley,Personal assistant,"Blick, Funk and Vandervort",Bolivia,Viajes,2021-02-21,-56.97749,-85.29164,FALSE
USR0588,vernaschmitt0588,Verna Schmitt,Newspaper journalist,Grant-Kreiger,Argentina,Educación,2020-07-01,43.09296,-76.21948,FALSE
USR0589,mrsamericastok0589,Mrs. America Stokes DVM,Public relations account executive,"Effertz, Block and Corkery",Perú,Deportes,2023-10-09,-35.87218,-42.9999,TRUE
USR0590,natwunschv0590,Nat Wunsch V,Sports development officer,Lehner Group,Chile,Tecnología,2023-04-02,-69.65586,74.42297,FALSE
USR0591,ivorveumturner0591,Ivor Veum-Turner,"Journalist, magazine",Rempel PLC,Colombia,Tecnología,2023-11-19,42.74901,36.27951,FALSE
USR0592,ruthedouglas0592,Ruthe Douglas,Early years teacher,"O'Reilly, O'Connell and Schinner",Bolivia,Gastronomía,2025-04-26,-3.6759,156.26946,FALSE
USR0593,quentinshields0593,Quentin Shields III,"Therapist, art",Johnston-Champlin,Bolivia,Moda,2022-10-10,-3.6851,-176.34137,TRUE
USR0594,thurstonprohas0594,Thurston Prohaska,Ergonomist,"Koss, Ullrich and Bailey",Colombia,Moda,2021-11-14,-6.46718,69.44104,TRUE
USR0595,jarredrunolfsd0595,Jarred Runolfsdottir,Editorial assistant,Gulgowski Inc,Perú,Viajes,2025-05-17,38.52723,50.86623,FALSE
USR0596,jayschuppe0596,Jay Schuppe,"Engineer, land",Cassin Group,Colombia,Viajes,2019-12-23,-33.05704,-41.96042,FALSE
USR0597,leandrogrimes0597,Leandro Grimes,Clinical research associate,"Padberg, Fahey and Schroeder",Argentina,Tecnología,2026-01-15,63.37297,167.44014,FALSE
USR0598,misszoiebartol0598,Miss Zoie Bartoletti,Museum/gallery conservator,Grimes and Sons,Colombia,Tecnología,2023-10-06,72.96537,-125.10364,FALSE
USR0599,mrmichialbarto0599,Mr. Michial Barton,"Editor, magazine features",Lind-Corwin,Bolivia,Tecnología,2025-05-08,71.8296,-151.06253,FALSE
USR0600,teddiebuckridg0600,Teddie Buckridge,Dramatherapist,Bradtke-Kris,Argentina,Tecnología,2018-11-02,-33.63772,9.66241,TRUE
USR0601,gwenquitzon0601,Gwen Quitzon,"Production designer, theatre/television/film",Conroy-Beer,Argentina,Deportes,2020-07-13,59.96985,121.26673,TRUE
USR0602,lennabernier0602,Lenna Bernier,Learning disability nurse,Watsica Inc,Bolivia,Educación,2020-01-17,19.64691,178.67864,FALSE
USR0603,irwinwyman0603,Irwin Wyman,Community development worker,"Lindgren, Shields and Larkin",Bolivia,Viajes,2020-10-04,45.52957,-71.52893,TRUE
USR0604,loyalmacejkovi0604,Loyal Macejkovic,Systems developer,Smitham-Wisoky,Bolivia,Gastronomía,2022-04-22,33.69617,-46.07675,FALSE
USR0605,rashaadbode0605,Rashaad Bode,Pensions consultant,Kuphal-Volkman,Argentina,Tecnología,2024-01-06,37.2467,18.60267,FALSE
USR0606,jordonbatz0606,Jordon Batz,Fast food restaurant manager,Berge-Okuneva,Bolivia,Viajes,2019-08-10,53.70575,-24.75823,FALSE
USR0607,desmondblanda0607,Desmond Blanda,"Engineer, electrical",Gutmann and Sons,Bolivia,Moda,2024-03-08,74.56848,-79.54466,TRUE
USR0608,dredmonkunze0608,Dr. Edmon Kunze,Ophthalmologist,Cruickshank and Sons,Bolivia,Gastronomía,2019-09-25,35.20564,-139.94862,FALSE
USR0609,michelleleffle0609,Michelle Leffler,Forest/woodland manager,"Harris, Sipes and Bartell",Chile,Gastronomía,2023-10-14,5.37259,-112.67572,FALSE
USR0610,lettyzemlakwei0610,Letty Zemlak-Weimann,Horticultural consultant,Gislason-Bechtelar,Bolivia,Educación,2022-10-13,17.42127,84.29814,TRUE
USR0611,dondretromp0611,Dondre Tromp,Regulatory affairs officer,"Hamill, Weissnat and Welch",Bolivia,Viajes,2021-09-04,50.34953,-114.83336,FALSE
USR0612,kordellschowal0612,Kordell Schowalter,Higher education careers adviser,Mueller Group,Perú,Educación,2026-02-16,21.67454,99.00631,FALSE
USR0613,alishapaucekmd0613,Alisha Paucek MD,"Editor, commissioning","Hilpert, Sawayn and Beatty",Bolivia,Gastronomía,2025-07-26,22.28358,178.02221,FALSE
USR0614,vernalwiza0614,Vernal Wiza,"Journalist, broadcasting","O'Kon, Moen and Luettgen",Bolivia,Educación,2022-10-05,76.47686,-7.85367,FALSE
USR0615,teresaborer0615,Teresa Borer,Applications developer,Borer Inc,Bolivia,Moda,2018-03-09,79.71067,-145.53694,FALSE
USR0616,drmyrticegutko0616,Dr. Myrtice Gutkowski PhD,Professor Emeritus,Schmeler Group,Perú,Tecnología,2019-11-22,-48.62654,-169.65651,FALSE
USR0617,leathamurphy0617,Leatha Murphy,Equality and diversity officer,"Anderson, Schmeler and Spinka",Colombia,Moda,2022-05-23,60.78517,-49.03831,FALSE
USR0618,drlucamiller0618,Dr. Luca Miller,Analytical chemist,Pacocha-Ortiz,Bolivia,Deportes,2018-09-22,-14.72218,-161.41643,FALSE
USR0619,arjunschaden0619,Arjun Schaden,Maintenance engineer,Bruen PLC,Bolivia,Tecnología,2021-11-26,52.11173,131.10711,FALSE
USR0620,doloriskunzebe0620,Doloris Kunze-Beahan,Health physicist,Miller LLC,Chile,Viajes,2021-09-13,-2.19814,-81.46086,FALSE
USR0621,geebergnaum0621,Gee Bergnaum,Clinical molecular geneticist,"Schaefer, Sauer and Stoltenberg",Argentina,Gastronomía,2020-11-28,-18.70388,19.46492,FALSE
USR0622,missieeffertz0622,Missie Effertz,Theatre manager,Hand LLC,Chile,Tecnología,2023-09-29,-67.26815,160.27593,FALSE
USR0623,ritaweimann0623,Rita Weimann,"Designer, furniture",Aufderhar Group,Colombia,Viajes,2022-01-06,77.69634,-27.14428,FALSE
USR0624,drewmurrayflat0624,Drew Murray-Flatley,Surgeon,Dicki-Koss,Perú,Viajes,2021-08-18,-50.34193,-31.76866,FALSE
USR0625,valarieblanda0625,Valarie Blanda,"Programmer, applications",Schimmel PLC,Argentina,Gastronomía,2024-08-29,-48.54658,-122.15724,FALSE
USR0626,toyaoconnell0626,Toya O'Connell,"Administrator, local government",Wilderman Inc,Perú,Tecnología,2020-08-28,-45.50813,-119.90908,FALSE
USR0627,mrsmarybethgri0627,Mrs. Marybeth Grimes,Press sub,"Hartmann, Nicolas and Hyatt",Perú,Viajes,2022-05-02,54.78887,178.87448,FALSE
USR0628,marcelinehoege0628,Marceline Hoeger DDS,Outdoor activities/education manager,Schinner-Will,Bolivia,Tecnología,2025-01-09,-6.89649,140.02383,FALSE
USR0629,damionkuhic0629,Damion Kuhic,"Engineer, communications",Beatty-Crona,Colombia,Moda,2022-07-04,-75.69159,70.24799,FALSE
USR0630,drorahkihnmd0630,Dr. Orah Kihn MD,Actuary,Williamson Ltd,Argentina,Deportes,2022-12-09,67.81214,-174.83216,FALSE
USR0631,kennethhartman0631,Kenneth Hartmann,Herbalist,Ziemann-Gibson,Argentina,Tecnología,2021-06-25,17.94824,-98.9202,FALSE
USR0632,holliewestmd0632,Hollie West MD,Animal technologist,"Quitzon, Kihn and Schroeder",Bolivia,Educación,2024-07-15,-76.17894,6.67426,FALSE
USR0633,drelmyrajohnso0633,Dr. Elmyra Johnson,Diplomatic Services operational officer,Leuschke-Little,Bolivia,Viajes,2021-05-16,-41.43395,-101.61249,FALSE
USR0634,mrssonjiruntem0634,Mrs. Sonji Runte MD,Product manager,Hane Inc,Perú,Educación,2022-02-10,50.58438,-131.16014,FALSE
USR0635,julisablock0635,Julisa Block,Barrister,Russel Ltd,Perú,Moda,2025-10-31,44.06555,91.79825,FALSE
USR0636,keshiaabshire0636,Keshia Abshire,"Designer, multimedia",Durgan-Marquardt,Colombia,Deportes,2022-05-21,-8.11394,45.06111,FALSE
USR0637,matthiaskuvali0637,Matthias Kuvalis,Primary school teacher,"Corkery, Upton and Aufderhar",Perú,Educación,2023-11-29,-64.07049,-8.20992,FALSE
USR0638,arianatremblay0638,Ariana Tremblay,Nature conservation officer,Spinka-Mohr,Chile,Viajes,2022-10-28,11.77359,104.92529,TRUE
USR0639,rhettlindgrenn0639,Rhett Lindgren-Nicolas,Education administrator,"DuBuque, Rice and King",Argentina,Gastronomía,2025-01-04,-75.9001,108.73778,TRUE
USR0640,nicholwuckert0640,Nichol Wuckert,Leisure centre manager,Stoltenberg and Sons,Bolivia,Gastronomía,2024-06-02,23.62931,21.39485,TRUE
USR0641,josefinapaucek0641,Josefina Paucek,Youth worker,Barrows-Feest,Bolivia,Deportes,2023-03-01,12.66853,64.71302,TRUE
USR0642,saritacrooks0642,Sarita Crooks,Diagnostic radiographer,Parker LLC,Argentina,Tecnología,2021-09-26,54.34709,-79.50117,FALSE
USR0643,gundabruenkuhl0643,Gunda Bruen-Kuhlman,Meteorologist,Abernathy LLC,Bolivia,Viajes,2019-12-14,-65.33154,99.11089,FALSE
USR0644,tyeshacremin0644,Tyesha Cremin,Community pharmacist,Shanahan PLC,Chile,Deportes,2022-06-06,-7.02059,-171.99831,FALSE
USR0645,melodymurazik0645,Melody Murazik,"Engineer, materials",Schmeler and Sons,Bolivia,Educación,2023-10-07,-9.32912,-82.69456,FALSE
USR0646,micaylamohr0646,Micayla Mohr,Naval architect,Volkman-Gottlieb,Perú,Educación,2025-06-12,-64.13778,-13.09733,FALSE
USR0647,creolahintzmd0647,Creola Hintz MD,"Engineer, manufacturing",Hagenes-Von,Perú,Tecnología,2023-09-01,51.63463,-119.63245,TRUE
USR0648,glennschmeler0648,Glenn Schmeler,Chartered accountant,Trantow Inc,Bolivia,Gastronomía,2024-11-07,-28.28005,73.30503,FALSE
USR0649,dellabednar0649,Della Bednar,Health and safety adviser,Balistreri LLC,Perú,Educación,2022-03-08,6.89939,-136.10901,FALSE
USR0650,adrienlabadie0650,Adrien Labadie,Health visitor,Walsh Inc,Argentina,Educación,2022-05-30,-36.07315,39.21252,FALSE
